Statement / Expression,Category,Control Status,Approved Placement,Audience,Asset / Document,Required?,Owner,Last Verified,Notes
Helping Those Who Help Others.,Brand / Public,RESTRICTED — federal conflict,Historical/supporting use only; not prominent trademark-style use without legal review,Public / Internal,Brand history / controlled narrative,Controlled,Founders / Brand Steward,2026-08-31,Do not file as AMW mark; preserved because it is part of AMW history.
Connect • Support • Empower.,Brand / Service Architecture,CONTROLLED,"Website, pricing, proposals, service documents, Brand Book",Public / Internal,Core process / package architecture,Yes,Founders / Brand Steward,2026-08-31,Core expression; not a first-wave trademark filing.
Rebuild • Restore • Renew • Rebirth.,Brand / Motto,CONTROLLED,"Brand Book, campus, selected publications and culture materials",Public / Internal,Motto / supporting expression,Controlled,Founders / Brand Steward,2026-08-31,Supporting language; do not overstate exclusivity.
Reaching One. Teaching One. Building Stronger Communities Together.,Brand / Supporting,CONTROLLED / SUPPORTING,Brand narrative and selected public materials,Public,Brand / community materials,Optional,Founders / Brand Steward,2026-08-31,Supporting expression; low distinctiveness for trademark purposes.
"Rebuilding one brick at a time, Restoring from within, Renewing the view of life, and Rebirth is possible with help.",Brand / Candidate Slogan,DEVELOPING,Brand Book development only until Founder locks final use,Internal development,Brand / IP development,No,Founders / Brand Steward,2026-08-31,Candidate; does not replace locked language absent explicit Founder direction.
Be the light in the darkness that others need.,Brand / Signature,CONTROLLED,Email signature and selected brand materials,Public / Internal,Signature statement,Optional,Founders / Brand Steward,2026-08-31,Use intentionally; not a contractual promise.
Strengthen the people and organizations that strengthen communities.,Purpose,CONTROLLED,"Business plan, investor materials, website purpose language",Public / Internal,Purpose / business plan,Yes where purpose is stated,Founders,2026-08-31,Controlled purpose statement.
"Our legacy initiative is to help those who help others, and to reach one, teach one, who begins to care about their community again.",Legacy / Mission,CONTROLLED,"Legacy narrative, Brand Book, selected community materials",Public / Internal,Legacy initiative statement,Controlled,Founders,2026-08-31,Preserved foundational statement.
"Rebuilding, Restoring, Renewing, and Rebirth - by reaching one, teaching one.",Brand / Historical Motto,CONTROLLED / HISTORICAL,Narrative history and controlled business-plan references where current context requires,Public / Internal,Business plan / Brand history,Controlled,Founders / Brand Steward,2026-08-31,Do not silently substitute for newer controlled expressions.
We see potential in you. Let’s help you get there.,Development Philosophy,LOCKED,"Client development, training, Steward development",Public / Internal,Development philosophy,Controlled,Founders / Stewards,2026-08-31,Capability-building expression.
The work continues…,Continuity / Legacy,LOCKED,"Continuity, succession, ceremonies, selected internal/public narrative",Public / Internal,Continuity / Legacy,Controlled,Founders / Continuity Steward,2026-08-31,Institutional continuity expression.
The work continues because the Legacy is still becoming.,Continuity / Legacy,LOCKED,"Continuity, succession, institutional narrative",Public / Internal,Continuity / Legacy,Controlled,Founders / Continuity Steward,2026-08-31,Institution remains capable of becoming.
"A Reshaper isn't someone AMW is trying to “fix.” They are someone who already has a foundation, experiences, skills, and knowledge—and AMW helps them discover what can be built from it.",Development Philosophy,LOCKED,Entrance to the Reshaping Commons; Reshaper/client-development materials and training,Public / Internal,Development philosophy,Controlled,Founders / Stewards,2026-09-01,Original registered wording restored; explicit prior-chat placement at the entrance to the Reshaping Commons restored.
"When you build a path forward, make sure someone else can cross it.",Legacy / Path Principle,LOCKED,"Portfolio, Brand Book, campus, AMOS, training",Public / Internal,Legacy path principle,Controlled,Founders,2026-08-31,Legacy transfer principle.
No one builds a legacy alone.,Village / Culture,LOCKED,"Steward Guide, campus, training, community materials",Public / Internal,Village Principle,Controlled,Founders / Stewardship,2026-08-31,Village Principle.
"Legacy itself is about everyone having a different purpose, being one village, and a shared responsibility.",Village / Legacy Bridge,LOCKED,"Legacy Bridge plaque, campus, community/Steward culture",Public / Internal,Legacy Bridge / campus,Controlled,Founders,2026-08-31,Legacy Bridge plaque language.
The Ledger isn't merely a record of the resource. The Ledger is the Steward of the resource's story.,Resource Stewardship,LOCKED,Ledger cover (primary); Living Resource Ledger; resource training; AMOS,Internal,Living Resource Ledger / resource stewardship,Yes in Ledger context,Resource Steward,2026-09-01,Full registered wording and Ledger-cover placement restored.
No resource is insignificant. No Steward is insignificant. No contribution is insignificant. No lesson is insignificant.,Resource Stewardship,LOCKED,Every Investment / Onboarding area; resource reception; onboarding; investment/resource stewardship,Internal,Investment / onboarding / resource stewardship,Yes in Investment / Onboarding contexts,Resource Steward,2026-09-01,Full four-part institutional statement restored with its universal Investment/Onboarding placement.
A system is only successful when the people it was created to serve are actually better because it exists.,Assurance / Architecture North Star,LOCKED — ARCHITECTURE NORTH STAR,Primary: Architecture North Star / AMW Assurance System — Institutional Mirror; Secondary: Legacy Council Room; Operational: major system/SOP/program/resource/institutional review points; Architecture: Institutional Learning Loop — Return to AMOS; supporting: investor/Steward training,Internal / Investor,Architecture North Star / Assurance System,Yes in assurance and major review contexts,Stewardship / Council,2026-09-02,Specific identity as the Architecture North Star recovered; wording itself was already preserved.
"We are a mirror, not a courtroom.",Review / Accountability,LOCKED,"IR02, Steward materials, conflict/repair, MOU",Internal,Institutional Review,Yes,Stewardship / Council,2026-08-31,Non-punitive accountability posture.
"Prepare, Teach, Practice and Try Again.",Practice / Learning,LOCKED,"Welcome Home, training, Daily Practice, AMOS",Internal,Practice Principle,Yes,Stewardship,2026-08-31,Practice and learning.
The Architecture Must Be Lived.,Operationalization,LOCKED,"AMOS, leadership/council training, readiness reviews",Internal,Operationalization,Yes,Stewardship / Council,2026-08-31,Architecture alone is not readiness.
What Happens Repeatedly Becomes Culture.,Culture / Rhythm,LOCKED,"Welcome Home, leadership, institutional rhythm",Internal,Culture / rhythm,Yes,Stewardship,2026-08-31,Connects repeated practice to culture.
AMW builds Stewards who can succeed independently without teaching that independence means isolation.,Development / Stewardship,LOCKED,"Steward development, onboarding, training",Internal,Confidence / operating philosophy,Controlled,Stewardship,2026-08-31,Independence does not erase village support.
A strong village teaches people how to lean on one another without teaching dependency.,Village / Capability,CONTROLLED,"Steward training, client capacity-building, campus culture",Public / Internal,Village / capacity philosophy,Controlled,Stewardship,2026-08-31,Capability without dependency.
A Steward is not expected to carry an unresolved problem alone simply because they noticed it.,Stewardship / Escalation,LOCKED,"Steward Guide, escalation, Welcome Home",Internal,Steward operating philosophy,Yes,Stewardship,2026-08-31,Escalation/support safeguard.
Reflection is how AMW listens to its own experience.,Reflection,LOCKED,"ARF/ROM, AMOS, Steward training",Internal,Reflection framework,Yes,Reflection Steward,2026-08-31,Reflection governing statement.
"A reflection trigger is an invitation to understand, not an accusation of failure.",Reflection,LOCKED,"IR02, ARF/ROM, review requests",Internal,Reflection / Review,Yes,Reflection Steward,2026-08-31,Non-punitive reflection trigger.
Institutional learning is not complete when AMW understands something; it is complete when AMW responsibly does something with what it learned and makes the resulting value available to the institution.,Institutional Learning,LOCKED,"ILR, AMOS, learning return, continuity",Internal,Institutional Learning Return,Yes,Learning Steward,2026-08-31,Learning must return as usable value.
No learning is complete until it has had an opportunity to return to the place where it can create value.,Institutional Learning,LOCKED,"ILR, MOU, Return records, continuity",Internal,Institutional Learning Return,Yes,Learning Steward,2026-08-31,Learning Return Rule.
The work has always been our first learning specimen.,Institutional Learning,LOCKED,"ILR, architecture learning narrative",Internal,Institutional learning,Controlled,Founders / Learning Steward,2026-08-31,AMW learns from its own work first.
We don’t shine the light on the person who made a mistake; we shine the light on what was learned and what became stronger because someone was willing to be honest.,Confidentiality / Reflection,LOCKED,"Reflection, learning reports, confidentiality training",Internal,Reflection / learning confidentiality,Controlled,Stewardship / Reflection,2026-08-31,Protects people while returning learning.
What does responsible Stewardship require at this threshold?,Interface,LOCKED,"Institutional Interface, CPRS/IACT/IRC threshold decisions",Internal,Interface Principle,Yes,Responsible Steward,2026-08-31,Central interface question.
Did we close what could responsibly be closed without abandoning what still needs to be carried?,Interface / Return,LOCKED,"Interface Return Verification, handoff/closure",Internal,Interface Return,Yes,Responsible Steward,2026-08-31,Closure/return verification.
"Temporary authority should leave no permanent shadow, and an exception should never outlive the reason that made it responsible.",Interface / Authority,LOCKED,"Authority restoration, exception trace, IRC/IACT",Internal,Exception Trace / authority,Yes,Responsible authority,2026-08-31,Temporary authority safeguard.
"Can a person, relationship, information matter, or disruption cross AMW’s institutional threshold without losing dignity, context, responsibility, protection, accountability, learning, or a path home?",Interface / Mirror Test,LOCKED,"Three-Room Mirror Test, assurance reviews",Internal,CPRS / IACT / IRC,Yes,Stewardship / Council,2026-08-31,Three-Room Mirror Test.
Complete enough to operate. Capable enough to learn. Alive enough to keep becoming.,Operationalization / Readiness,LOCKED,"AOR/AOCIR, readiness/assurance materials",Internal,Operationalization assurance,Controlled,Stewardship / Council,2026-08-31,Operationalization conclusion.
"The architecture holds when its Creators are absent because the institution itself carries the questions, principles, safeguards, knowledge, responsibilities, and pathways necessary to teach the next generation how to continue the work.",Continuity / Assurance,LOCKED,"50-Year Mirror Review, continuity assurance, succession",Internal,Continuity / Mirror Review,Controlled,Council / Continuity Steward,2026-08-31,Practical-test conclusion.
Your participation is enough. No testimonial. No photograph. No public thank-you. No story required.,Participant Rights,LOCKED,"Holiday/community forms, participant communications",Public,Participant rights / publicity separation,Yes where applicable,Community Steward,2026-08-31,Service does not require publicity.
"Choosing NO does not affect eligibility for services, resources, programs or future consideration. No response means no consent.",Participant Rights / Consent,LOCKED,"Publicity Choice, community forms, communications",Public,Consent / representation,Yes where applicable,Community Steward,2026-08-31,No response is not consent.
Client urgency does not automatically become institutional urgency.,Client / Operating Boundary,LOCKED,"Contracts, Steward training, project prioritization",Internal / Client,Client boundary,Controlled,Responsible Steward,2026-08-31,Priority changes follow AMW operating pathway.
AMW aims to increase capability rather than dependency. Independence does not mean isolation.,Client / Capacity,CONTROLLED,"Client portfolio, training, handoff",Public / Internal,Capacity-building philosophy,Controlled,Stewards,2026-08-31,Capability and village support coexist.
A resource discussed or promised is not represented as available until it is actually possessed or lawfully controlled for the relevant responsibility.,Resource Stewardship,LOCKED,"Funding/resource work, Holiday allocation, AMOS",Public / Internal,Resource Promise / Possession,Yes,Resource Steward,2026-08-31,Promise does not equal possession.
AMW returns with a clear next step rather than leaving a person to rebuild the context.,Continuity / Service,CONTROLLED,"Client/community Return, referrals, handoffs",Public / Internal,Return / anti-bounce,Controlled,Responsible Steward,2026-08-31,Context travels with the responsibility.
THE SEAL IS THE WATERMARK.,Brand / Document Control,LOCKED,All controlled documents requiring watermark,Internal / Public,Brand/IP Control,Yes where watermark required,Brand Steward,2026-08-31,Full appropriate Seal; phoenix-only watermarking is not the standard.
"AMW’s colors do more than identify the Legacy visually; together they communicate what the Legacy intends to carry: Trust, Growth, Legacy, Compassion, and Strength.",Brand / Color Meaning,LOCKED,"Brand Book, controlled visual standards",Internal / Public,AMW Brand Color Meaning Standard,Yes in Brand Book,Founders / Brand Steward,2026-08-31,Governing color-meaning statement.
"AMW does not delay becoming institutionally ready merely because it cannot presently afford every readiness cost. AMW identifies the requirement, preserves the cost, searches for lawful resources capable of meeting it, and does not represent the requirement as satisfied until it actually is.",Readiness / Funding,LOCKED,"Readiness planning, funding pipeline, AMOS",Internal,Institutional Readiness Cost Principle,Yes,Founders / Funding Steward,2026-08-31,Readiness-cost principle.
A Client must never become an unpaid test subject.,Client Safeguard,LOCKED,"Contracts, package controls, internal training",Public / Internal,Client safeguard,Yes,Founders / Responsible Steward,2026-08-31,Economic-engine safeguard.
AMW does not measure success by how long a Partner needs AMW.,Client / Capacity,CONTROLLED,"Business plan, client philosophy, handoff",Public / Internal,Capacity-building philosophy,Controlled,Founders / Stewards,2026-08-31,"Success is durable capability, not dependency."
Would your family be proud of what you have left behind?,Legacy Compass,LOCKED,"Legacy Compass, campus, reflection/training",Public / Internal,Legacy Compass,Controlled,Founders,2026-08-31,Preserved legacy question.
For one mistake you or I could be in their place.,Legacy Compass / Compassion,LOCKED,"Legacy Compass, community/Steward training",Internal / Public,Legacy Compass,Controlled,Founders,2026-08-31,Compassion and humility reminder.
We’ve been there needing resources but not knowing how or where to access them.,Legacy Compass / Resource Access,LOCKED,"Legacy narrative, resource navigation, client/community materials",Public / Internal,Legacy Compass / resource philosophy,Controlled,Founders,2026-08-31,Resource-access lived-experience statement.
"AMW will always retrieve what we've established, inspect the authoritative source, verify before challenging a factual lead, and return with the unresolved issue—not make you rebuild the record.",Institutional Record / Continuity,LOCKED,"Research, applications, source verification, recovery work",Internal,Institutional record discipline,Yes,All Stewards / System,2026-08-31,Founder-established continuity/retrieval rule.
How can we leave this stronger than we found it?,Stewardship / Decision Lens,LOCKED,Stewardship question; AMOS; training; project closeout; Brand Book; Business Plan operating philosophy,Public / Internal / Client methodology,Stewardship question / operating philosophy,Yes in stewardship contexts,Founders / Stewards,2026-09-01,Restored from the earlier Statement Placement Register and current controlled Brand/Business Plan records; closing/decision lens.
Build systems that serve people. Never build people around systems.,Operating Philosophy / People-Centered Systems,LOCKED,Business Plan operating philosophy; Brand Book; controlled values/philosophy materials; AMOS/system-design and Steward training,Public / Internal,Operating principle / Values & Legacy Doctrine,Controlled,Founders / Stewardship,2026-09-01,Controlled people-centered systems principle omitted from the corrected register.
"Leave the responsibility no worse—and whenever reasonably possible, better.",Daily Practice / Stewardship,LOCKED,Daily Practice; DP-01–DP-07; Start-of-Day Check; End-of-Day Return; Steward Daily Practice Card; AMOS; training,Internal,Daily Practice Standard,Yes in Daily Practice contexts,Stewardship,2026-09-01,Controlled Daily Practice Standard recovered from AMOS forms and the Master Controlled Compendium.
What does responsible Stewardship require of AMW because this relationship exists?,Institutional Interface — CPRS,LOCKED,Room I — Community Partnership & Institutional Relationship Stewardship (CPRS) central question; CPRS forms; AMOS/interface training,Internal,CPRS central question,Yes,Responsible Steward / Council,2026-09-01,Controlled Room I central question.
"What should this person appropriately know, and what do they need to responsibly understand it?",Institutional Interface — IACT,LOCKED,"Room II — Institutional Access, Communication & Transparency (IACT) central question; IACT forms; AMOS/interface training",Internal,IACT central question,Yes,Responsible Steward / Council,2026-09-01,Controlled Room II central question.
"What must AMW protect, continue, change, or temporarily stop so the institution can respond responsibly and recover without losing its purpose?",Institutional Interface — IRC,LOCKED,Room III — Institutional Resilience & Continuity (IRC) central question; IRC forms; AMOS/interface training,Internal,IRC central question,Yes,Responsible Steward / Council,2026-09-01,Controlled Room III central question.
"We are here to learn, elevate, and pass the torch to the Steward up next.",Succession / Ladder Principle,LOCKED,Succession Ceremony; Ladder Principle / Steward development; daily culture,Internal / Ceremonial,Succession Ceremony / Ladder Principle,Controlled,Founders / Continuity Steward,2026-09-01,Placement explicitly approved in the recovered Aug. 7 source; the Ladder Principle was also identified as an everyday mantra.
One intentional act of service can transform an entire community.,Ripple Principle / Legacy Impact,CONTROLLED,Legacy Charter / phoenix-ripple symbolism; Brand Book ripple narrative; Legacy/culture materials,Public / Internal,Ripple Principle / Brand symbolism,Controlled,Founders / Brand Steward,2026-09-01,Recovered Ripple Principle message; preserve as symbolism/legacy language rather than an unapproved contractual promise.
Founder's Compass: Did I listen before I spoke? Did I leave someone stronger? Did I give credit generously? Did I protect another person's dignity? Did I learn something today? Did I create hope through action? Did I build for tomorrow? Would my family be proud of what I left behind today?,Founder / Legacy Compass,LOCKED — EXACT TEXT RECOVERED,Welcome-rug concept in AMW administrative buildings/locations; home/office display; every training room; Founder/Steward reflection,Internal / Physical environment,Founder's Compass,Yes where Founder’s Compass is installed or taught,Founder / Stewardship,2026-09-02,Exact Compass questions recovered from prior conversation; prior recovery placeholder resolved.
Governance Philosophy — Full Display Placement Control,Governance / Campus Display,LOCKED PLACEMENT,Full display at AMW Legacy Campuses; every office; every Legacy-related environment,Internal / Campus,Governance Philosophy / physical display,Yes where applicable,Founders / Council,2026-09-01,Placement umbrella retained. Exact controlled Governance Philosophy language is now separately restored in this register; this row no longer represents the text as unrecovered.
Pillar VI — We Leave Things Better. Every room. Every meeting. Every partnership. Every publication. Every neighborhood. Every family. Every conversation. Every generation. Every Steward should quietly ask: “Did I leave this better than I found it?”,Legacy Charter / Pillar VI,LOCKED — EXACT TEXT RECOVERED,Legacy Charter; core lesson at the Institution; Steward training; Legacy/culture materials,Internal / Public,Legacy Charter — Pillar VI,Yes as core institutional lesson,Founders / Stewardship,2026-09-02,Exact Pillar VI wording recovered. Associated reflection question: “Will what I leave today continue helping tomorrow?”
The Institution doesn't erase individual contribution in the name of teamwork.,Attribution / Shared Voice,LOCKED — PLACEMENT RECOVERY,"Statement Placement Register; governs credit, voice, contribution and shared ownership; exact asset/location placement requires source recovery",Internal,Attribution / Shared Voice controls,Controlled,Founders / Stewardship,2026-09-01,"Prior register entry recovered; specific downstream asset placement is not yet proven, so no narrower placement was invented."
"AMW Institutional Governance & Stewardship exists to protect AMOS, the Legacy, the people, the institutional architecture, and the community while ensuring authority remains accountable, transparent, connected to purpose, and capable of being challenged through Reflection.",Governance / Purpose,LOCKED — PRIOR CONTROLLED CONTEXT,Governance Philosophy; governance core; AMOS; Council/leadership orientation; governance training,Internal,Institutional Governance & Stewardship,Yes in governance contexts,Founders / Council,2026-09-01,Recovered from prior locked AMW governance conversation; source-file consolidation remains a preservation task.
"AMW does not govern people for the sake of control. AMW Stewards the conditions that allow people, knowledge, resources, relationships, and the Legacy to thrive.",Governance Philosophy,LOCKED — PRIOR CONTROLLED CONTEXT,Governance Philosophy; full-display governance environment; AMOS/governance training; Legacy Campuses and offices,Internal / Campus,Governance Philosophy,Yes where Governance Philosophy is displayed,Founders / Council,2026-09-01,Exact prior locked Governance Philosophy wording restored; applies to the already-confirmed full-display placement.
"No Steward, Council, Founder, office, or institution stands beyond Reflection.",Governance / Reflection Accountability,LOCKED — PRIOR CONTROLLED CONTEXT,"Governance Philosophy; IR02/reflection; Council, Founder and Steward orientation/training; AMOS",Internal,Governance / Reflection,Yes in governance/reflection contexts,Founders / Council / Reflection Steward,2026-09-01,Recovered locked governance/reflection accountability statement.
The Protector. The Mirror. The Blueprint Keeper. The Institutional Memory. The Guardian of Continuity.,Legacy Council / Identity,LOCKED — PRIOR CONTROLLED CONTEXT,Legacy Council definition; Council room/orientation; governance materials; continuity training,Internal,Legacy Council identity,Controlled,Founders / Council,2026-09-01,Recovered locked Legacy Council identity language.
The Legacy Council does not stand above the Legacy. It stands in service to its continuity.,Legacy Council / Service,LOCKED — PRIOR CONTROLLED CONTEXT,Legacy Council governance; Council room/orientation; governance philosophy; continuity materials,Internal,Legacy Council governance,Yes in Council orientation,Founders / Council,2026-09-01,Recovered locked Council service/continuity statement.
Authority determines responsibility. It does not remove accountability.,Governance / Authority,LOCKED — PRIOR CONTROLLED CONTEXT,Governance decision model; authority/delegation controls; Council/leadership training; AMOS; MOU,Internal,Authority & Accountability,Yes in authority/delegation contexts,Council / Responsible Authority,2026-09-01,Recovered locked authority/accountability statement.
Founder knowledge is Institutional knowledge only when it can be responsibly transferred.,Continuity / Founder Knowledge,LOCKED — PRIOR CONTROLLED CONTEXT,Continuity and succession; knowledge transfer; AMOS; Founder/Steward training; institutional memory,Internal,Continuity / Institutional Knowledge,Controlled,Founders / Continuity Steward,2026-09-01,Recovered locked Founder-knowledge transfer statement.
We aren't a pyramid. We are a circle. What happens to one happens to us all.,Governance / Circle Principle,LOCKED — PRIOR CONTROLLED CONTEXT,Governance Philosophy; Roundtable; Shared Voice; Steward/Council training; Legacy culture,Internal,Circle Principle / Shared Voice,Controlled,Founders / Council,2026-09-01,Recovered locked Circle Principle.
Governance isn't paperwork; it's the key to the Legacy's survival.,Governance / Continuity,LOCKED — SOURCE-CONFIRMED,"Governance Philosophy; full display at Legacy Campuses, every office, and every Legacy-related environment; governance training",Internal / Campus,Governance Philosophy / physical display,Yes where Governance Philosophy is displayed,Founders / Council,2026-09-01,Source-confirmed governance expression and full-display instruction; punctuation normalized without changing meaning.
"Stewardship is not a hierarchy of status. Leaders are here to serve, not rule.",Leadership / Stewardship,LOCKED — SOURCE-CONFIRMED,Governance Philosophy; Legacy Campus/office display; leadership and Steward training,Internal / Campus,Governance / Leadership,Controlled,Founders / Council,2026-09-01,Source-confirmed governance/leadership statement; spelling/punctuation normalized from source.
The Principle of Shared Voice reminds everyone we are a family.,Governance / Shared Voice,LOCKED — SOURCE-CONFIRMED,Governance Philosophy; Roundtable; Shared Voice training; Council/Steward orientation,Internal,Shared Voice Principle,Controlled,Founders / Council,2026-09-01,Source-confirmed Shared Voice expression.
The Roundtable is a place to learn and strengthen ourselves as a team.,Governance / Roundtable,CONTROLLED — SOURCE-CONFIRMED,Roundtable; governance learning; Council/Steward orientation and training,Internal,Roundtable / Governance,Controlled,Council / Stewardship,2026-09-01,Source-confirmed Roundtable learning expression; grammar normalized.
Leadership without status is exactly the model we want to operate.,Leadership / Service,LOCKED — SOURCE-CONFIRMED,Governance Philosophy; leadership development; Steward/Council orientation; Legacy culture,Internal,Leadership Philosophy,Controlled,Founders / Council,2026-09-01,Source-confirmed leadership model statement.
"Succession doesn't mean inadequacy; it shows strength, vulnerability, and growth.",Succession / Continuity,LOCKED — SOURCE-CONFIRMED,Succession materials and ceremony; continuity training; Council/Steward development,Internal / Ceremonial,Succession / Continuity,Controlled,Founders / Continuity Steward,2026-09-01,Source-confirmed succession expression.
"The Founder's Standard is the model I do and will display every day, to be the mirror for our Stewards.",Founder Standard / Stewardship,CONTROLLED — SOURCE-CONFIRMED,Founder Standard; daily leadership modeling; Steward orientation/training; governance culture,Internal,Founder Standard,Controlled,Founder / Stewardship,2026-09-01,Source-confirmed daily-display/modeling statement; formal Founder Standard text may have additional controlled language elsewhere.
AMOS is more than the village playbook; it is the village's family book passed down from generation to generation.,AMOS / Institutional Memory,LOCKED — SOURCE-CONFIRMED,AMOS opening/why AMOS; Welcome Home/onboarding; Steward training; continuity and institutional-memory materials,Internal,AMOS / Institutional Memory,Controlled,Founders / Stewardship,2026-09-01,Source-confirmed AMOS identity/continuity expression; punctuation normalized.
"with AMW you're not just an employee, a Steward, a volunteer, or client this is a village built to support, protect, and provide for those after us.",Village / Steward's Guide,LOCKED — EXACT SOURCE RESTORED,Steward's Guide opening page — Welcome to the Village; Welcome Home/onboarding; village/Legacy culture materials,Internal / Public,Steward's Guide / Welcome to the Village,Controlled,Founders / Stewardship,2026-09-02,Complete original wording restored; prior register carried only the second clause.
"The Village Principle: No one builds a legacy alone. Every Steward, every volunteer, every client, every Community Partner, every family member, and every child we encourage becomes part of our village. Together, we support one another. Together, we protect one another. Together, we provide opportunities for those who come after us. The strength of our village will always be measured by how well we care for one another.",Village / Full Principle,CONTROLLED — SOURCE-PLACED,Steward's Guide; onboarding/training; campus/community culture materials,Public / Internal,Steward's Guide / Village Principle,Controlled,Founders / Stewardship,2026-09-01,Full source-recovered Village Principle; existing headline row 'No one builds a legacy alone.' remains a valid short expression.
"I want to just be the pebble that starts the ripple, and the people we help are the water that the ripples come from.",Ripple / Founder Philosophy,LOCKED — EXACT SOURCE RESTORED,Legacy Manual — Ripple Principle; Legacy Charter; phoenix-ripple symbolism; Legacy culture materials,Public / Internal,Ripple Principle / Founder philosophy,Controlled,Founder / Brand Steward,2026-09-02,Complete original wording restored; prior register omitted the second clause.
Discover → Build → Strengthen → Grow → Sustain → Leave a Legacy.,Service Architecture / Legacy Roadmap,CONTROLLED — CURRENT,Legacy Roadmap; client portfolio; client onboarding; Service Architecture; controlled operating compendium,Public / Internal,Legacy Roadmap,Yes where Roadmap is shown,Founders / Stewards,2026-09-01,Current controlled roadmap; original source specifies every client would receive the Legacy Roadmap.
Discovery → Assessment → Strategy → Development → Review → Refinement → Delivery → Implementation Support → Follow-up → Legacy Check-In.,Service Architecture / Project Lifecycle,CONTROLLED — CURRENT,Client Service Agreement; Steward copy; Master agreement; client portfolio; Service Architecture; operating compendium,Public / Internal,Standard Project Lifecycle,Yes in service-agreement/lifecycle contexts,Stewards / Operations,2026-09-01,Current controlled standard project lifecycle.
AMW IS MORE THAN GRANT WRITING,Public Positioning / Services,CONTROLLED — CURRENT,Client Pricing Guide; Package Architecture; client portfolio; website/service positioning,Public / Internal,Client pricing / service positioning,Controlled,Founders / Brand Steward,2026-09-01,Current client-facing positioning statement; funding is one part of AMW's broader consulting practice.
Clarity → structure → durable capacity,Client Positioning / Packages,CONTROLLED — CURRENT,Client Partnership & Pricing Guide cover/subtitle; package narrative and selected client materials,Public,Pricing Guide / package positioning,Controlled,Founders / Brand Steward,2026-09-01,Current public/client-facing package positioning expression.
Building Strong Organizations.,Service Architecture / Foundation,CONTROLLED — CURRENT,Foundation Services; client portfolio; Service Architecture; selected website/service materials,Public / Internal,Foundation Services tagline,Controlled,Brand Steward / Stewards,2026-09-01,Current service-division expression.
Strengthening Operations.,Service Architecture / Organizational Excellence,CONTROLLED — CURRENT,Organizational Excellence; client portfolio; Service Architecture; selected website/service materials,Public / Internal,Organizational Excellence tagline,Controlled,Brand Steward / Stewards,2026-09-01,Current service-division expression.
Connecting Organizations to Communities.,Service Architecture / Community Impact,CONTROLLED — CURRENT,Community Impact; client portfolio; Service Architecture; selected website/service materials,Public / Internal,Community Impact tagline,Controlled,Brand Steward / Stewards,2026-09-01,Current service-division expression.
Preparing Organizations for Growth.,Service Architecture / Funding Readiness,CONTROLLED — CURRENT,Funding Readiness; client portfolio; Service Architecture; selected website/service materials,Public / Internal,Funding Readiness tagline,Controlled,Brand Steward / Funding Steward,2026-09-01,Current service-division expression.
Growing Leaders Who Grow Communities.,Service Architecture / Leadership Development,CONTROLLED — SOURCE-PLACED,Leadership Development; Service Architecture; leadership/client materials,Public / Internal,Leadership Development tagline,Controlled,Brand Steward / Leadership,2026-09-01,Source-placed service-division expression recovered from the original AMW Service Architecture.
Every Steward has a voice. Every voice matters. Every voice deserves to be heard.,Confidence / Shared Voice,LOCKED — PRIOR CHAT VERIFIED,Primary: Steward's Voice / People System; Secondary: Legacy Council Room; Operational: Governance Decision Model; Day-One Steward Welcome Home / Onboarding,Internal,Confidence Principle / Steward Voice,Yes in Steward onboarding/voice contexts,Stewardship / Council,2026-09-02,Explicitly registered in the prior Aug. 10 Statement Placement conversation.
You arrive with a voice.,Confidence / Welcome Home,CONTROLLED — PRIOR CHAT VERIFIED,Day-One Steward Welcome Home / Onboarding; Confidence Principle; Steward's Voice / People System,Internal,Welcome Home / Confidence Principle,Controlled,Stewardship,2026-09-02,Recovered as the Welcome Home expression carried with the registered Confidence Principle.
The record is never the Person.,People System / Dignity,LOCKED — PRIOR CHAT VERIFIED,People System; Steward Check-In environment; Institutional Review documentation; Legacy Council Room,Internal,People System / Institutional Review,Yes in record/review contexts,Stewardship / Council,2026-09-02,Placement explicitly accepted in the prior Aug. 10 conversation.
A village that punishes vulnerability teaches its people to hide. AMW teaches its people to ask for help.,Vulnerability / Help-Seeking,LOCKED — PRIOR CHAT VERIFIED,Mirror Review Room; vulnerability/help-seeking placement; Steward and Council reflection culture,Internal,Mirror Review Room / IR02,Controlled,Stewardship / Reflection,2026-09-02,Vulnerability Statement accepted for registration/placement in prior chat.
The Mirror does not automatically mean something is wrong. Sometimes the Mirror simply tells us it is time to grow.,Reflection / Mirror Review,LOCKED — EXACT TEXT RECOVERED,Mirror Review Room — Most Important Rule; IR02 orientation; facilitator and Steward training,Internal / Physical environment,Mirror Review Room / IR02,Yes in Mirror Review Room,Reflection Steward / Council,2026-09-02,Second sentence recovered; prior register preserved only the first sentence.
"The architecture must be understandable to the person standing inside it, not merely to the people who designed it.",Architecture / Understandability,LOCKED — PRIOR CHAT VERIFIED,Architecture onboarding; AMOS; readiness reviews; Steward/Council training; system-design reviews,Internal,Architecture Standard,Yes in architecture/readiness contexts,Stewardship / Council,2026-09-02,Exact architecture standard locked in prior conversation.
"What did AMW learn, and what are we going to do with what we learned?",Institutional Learning / Review,LOCKED — PRIOR CHAT VERIFIED,IR03 learning/review question in prior architecture; institutional learning/reflection; AMOS learning return,Internal,Institutional Learning / Review,Controlled,Learning / Reflection Steward,2026-09-02,Prior-chat record identifies this as a locked central question; preserve while source artifact is recovered.
"What is shared within a Mirror Review is treated with dignity, discretion, and confidentiality and is shared only with those who have a legitimate reason to participate.",Confidentiality / Mirror Review,LOCKED — PRIOR CHAT VERIFIED,Mirror Review Room entrance / Cone of Silence; Participant Rights & Confidentiality; facilitator orientation,Internal,IR02 / Cone of Silence,Yes in Mirror Review confidentiality contexts,Reflection Steward / Council,2026-09-02,Exact Cone of Silence wording recovered from prior chat.
"A door is not welcoming merely because it opens, and a boundary is not responsible merely because it closes. Stewardship determines what should happen at the threshold.",Institutional Interface / Threshold,LOCKED — STATEMENT PLACEMENT VERIFIED,Statement Placement Register; Institutional Interface threshold/orientation; CPRS/IACT/IRC training,Internal,Institutional Interface,Controlled,Responsible Steward / Council,2026-09-02,Prior assistant record explicitly identifies this as Statement Placement Register wording.
AMW doesn't treat transparency as merely making information available. AMW asks whether the person receiving it has a reasonable opportunity to understand what AMW is actually trying to communicate.,IACT / Responsible Understanding,LOCKED — STATEMENT PLACEMENT VERIFIED,Statement Placement Register; IACT; communication/transparency training; understanding verification,Internal,IACT / Transparency,Controlled,Information Steward / Council,2026-09-02,Explicit Statement Placement wording recovered from prior conversation.
AMW should not collect information merely because it may be useful. AMW should be able to explain why information is reasonably necessary before asking people to entrust it to us.,Minimum Necessary Information,LOCKED — STATEMENT PLACEMENT VERIFIED,Statement Placement Register; IACT; Community Partnership governing rule; cross-system information collection; forms/intake,Public / Internal,Minimum Necessary Information Rule,Yes in information-collection contexts,Information / Community Steward,2026-09-02,Explicitly added to IACT and later locked as a cross-system and Statement Placement item.
People should not have to understand AMW's entire architecture before AMW can understand what they need.,Interface / Anti-Bounce,LOCKED — STATEMENT PLACEMENT VERIFIED,Statement Placement Register; Anti-Bounce; Interface/Return; community/client intake and routing,Public / Internal,Institutional Interface / Anti-Bounce,Controlled,Responsible Steward,2026-09-02,Explicit Statement Placement wording recovered from prior interface conversation.
IACT records the stewardship of information not every movement of information.,IACT / Information Stewardship,LOCKED — PRIOR CHAT VERIFIED,Room II — IACT package; IACT-F01/F02–F07 context; AMOS/interface training,Internal,IACT package discipline,Yes in IACT context,Information Steward,2026-09-02,Exact package discipline explicitly locked.
Information should not become restricted merely because transparency would be uncomfortable.,IACT / Transparency,LOCKED — PRIOR CHAT VERIFIED,IACT-F01 / Transparency & Protection; IACT training and access determinations,Internal,IACT Transparency & Protection,Controlled,Information Steward / Council,2026-09-02,Exact Section C statement explicitly locked in the IACT package.
"If this information is shared, what context is necessary for someone to responsibly understand it?",IACT / Context,LOCKED — PRIOR CHAT VERIFIED,IACT information/access determination; communication plans; understanding verification,Internal,IACT contextual understanding question,Yes in significant sharing/access contexts,Information Steward,2026-09-02,Exact IACT question explicitly locked.
"Access classification is a stewardship determination, not an eternal label.",IACT / Access,LOCKED — PRIOR CHAT VERIFIED,IACT access classification; Access Determination and Access Change; AMOS/interface training,Internal,IACT Access Determination,Controlled,Information Steward / Council,2026-09-02,Exact IACT statement explicitly locked.
What institutional purpose does this information serve?,IACT / Information Purpose,LOCKED — PRIOR CHAT VERIFIED,IACT-F01 Section A; information stewardship/intake,Internal,IACT-F01 Information Stewardship,Yes in IACT-F01 context,Information Steward,2026-09-02,Exact Section A question explicitly locked.
Removing a form does not remove the responsibility.,Three-Room Architecture / Forms,LOCKED — CONTROLLED ARCHITECTURE,Consolidated CPRS/IACT/IRC forms architecture; AMOS/interface training; forms consolidation decisions,Internal,Three-Room forms architecture,Controlled,Stewardship / Council,2026-09-02,Controlled forms-architecture safeguard.
Is something becoming difficult to say?,CPRS / Relationship Stewardship,LOCKED — CONTROLLED ARCHITECTURE,CPRS OC04; relationship check-ins; concern/repair; AMOS/interface training,Internal,CPRS OC04,Yes in CPRS operating checks,Relationship Steward,2026-09-02,Controlled CPRS operating-control question.
What became better because this relationship existed?,CPRS / Relationship Return,LOCKED — CONTROLLED ARCHITECTURE,CPRS OC08; renewal/closure; learning return; AMOS/interface training,Internal,CPRS OC08,Yes in CPRS return/closure,Relationship Steward,2026-09-02,Controlled CPRS return question.
Administrative completion is not automatically responsible closure.,Interface / Closure,LOCKED — CONTROLLED,Institutional Interface; handoff/closure; MOU; CPRS/IACT/IRC training,Internal,Administrative ≠ Responsible Closure,Yes in closure contexts,Responsible Steward,2026-09-02,Current controlled wording in Internal Operating MOU/interface safeguards.
"Contributions do not purchase access, ownership, decision authority or priority treatment.",Resource / Contribution Boundary,LOCKED — CONTROLLED,Resource & Financial Stewardship; contributor/donor training; MOU; community contribution pathways,Public / Internal,Contribution Boundary,Yes where contributions are received,Resource Steward,2026-09-02,Current controlled contribution boundary.
AMW should not invite community through a door until downstream handling is established.,Communication / Launch Readiness,LOCKED — CONTROLLED,Communications/Launch Readiness; public QR/flyer/site launch; Holiday/community doors; AMOS Trigger Register,Internal,Communication / Launch Readiness,Yes before public intake/launch,Community / Operations Steward,2026-09-02,Current controlled compact wording; prior chat used a longer equivalent formulation.
"Is AMW presently eligible, appropriately aligned, operationally capable of fulfilling the award, and able to steward reporting and restrictions?",Funding / Readiness Gate,LOCKED — CONTROLLED,Funding Pipeline; Grant/Funding Architecture; before applying for funding; Steward training,Internal,Funding Eligibility / Readiness Gate,Yes before funding pursuit,Funding Steward,2026-09-02,Controlled funding gate question.
"When materially equivalent legitimate requests exceed possessed resources, use the predetermined neutral tie-break rather than subjective favoritism.",Resource Allocation / Neutrality,LOCKED — CONTROLLED,Resource Allocation Standard; Holiday/community resource allocation; AMOS Trigger Register,Internal,Neutral Allocation Tie-Break,Yes when threshold is met,Resource Steward,2026-09-02,Controlled neutral tie-break safeguard.
"Information entered in an application shows what AMW intended or represented; it does not by itself prove that an authority accepted, approved, or legally created the represented condition.",Application / Evidence,LOCKED — CONTROLLED,AMOS evidence rules; application integrity; legal/formation readiness; source verification,Internal,Application Representation Rule,Yes in application/evidence contexts,Responsible Steward,2026-09-02,Current normalized controlled wording supersedes rough earlier chat grammar.
"The absence of revenue, services, transactions, capital contribution, operational participation, or completed ownership transfer is preserved as evidence relevant to determining the legal effect of a person's historical listing; AMW does not treat business inactivity alone as conclusive proof of ownership or nonownership.",Legal / Evidence,LOCKED,AMOS evidence file; ownership/entity reconciliation; legal-readiness review,Internal,Inactivity Evidence Rule,Yes in relevant ownership/evidence reviews,Founders / Responsible Steward,2026-09-02,Explicitly locked in prior chat and preserved in controlled policies.
"AMW uses a Certificate of Correction only when the underlying filing, original provision, filing date, claimed error, corrected provision, and required execution can be identified and supported. AMW does not use a correction instrument to rewrite a transaction that actually occurred.",Legal / Correction Evidence,LOCKED,AMOS evidence/correction work; entity/filing reconciliation; legal-readiness review,Internal,Correction Evidence Rule,Yes when considering correction instruments,Founders / Responsible Steward,2026-09-02,Explicitly locked and preserved verbatim.
"When a material qualification, capability, experience, fee, availability, or service condition cannot reasonably be established through authoritative or provider-controlled public information, AMW may verify the condition directly with the provider. AMW records the provider's response as provider-supplied information and does not convert the absence of public information into a negative finding.",Verification / Provider,LOCKED,Provider research; referral/vendor/venue/legal-provider verification; questionnaires; AMOS Trigger Register,Internal,Provider-Direct Verification Trigger,Yes when public verification is insufficient,Research / Responsible Steward,2026-09-02,Exact prior-chat lock-in recovered from verbatim source.
"AMW does not infer experience with a particular transaction merely because a provider practices in the broader field. Where a responsibility involves a specialized filing, transaction, proceeding, population, funding structure, or governance arrangement, AMW identifies that precise experience as VERIFIED, NOT YET VERIFIED, or NOT REQUIRED for the proposed referral.",Verification / Precise Fit,LOCKED,Provider/referral research; legal/vendor capability verification; AMOS Trigger Register,Internal,Precise-Fit Evidence Rule,Yes for specialized referrals/capability claims,Research / Responsible Steward,2026-09-02,Exact prior-chat lock-in recovered.
"Founder Continuity Intention: If Myles has not demonstrated readiness to operate the Legacy when Founder death/incapacity occurs, AMW intends for the business and ownership to be protected through an appropriately established trust and for qualified independent advisers to help preserve responsible Stewardship until the conditions for succession are satisfied.",Founder Continuity / Succession,LOCKED — PRIOR CHAT VERIFIED,Founder Continuity record; succession/continuity planning; governance/legal planning; AMOS continuity,Internal / Founder,Founder Continuity Intention,Controlled,Founders / Continuity Steward,2026-09-02,Exact Founder Continuity Intention locked in prior record.
Earn → Serve → Learn → Reinvest → Strengthen → Serve Again,Economic Engine / Legacy,LOCKED — PRIOR CHAT VERIFIED,Simple Economic Engine; business plan/economic architecture; Steward/investor training; AMOS,Internal / Investor,Economic Engine Cycle,Controlled,Founders / Financial Steward,2026-09-02,Exact locked economic-engine cycle.
"AMW should seek revenue in ways that strengthen its ability to serve, rather than requiring the Legacy to compete with the work that funds it.",Economic Engine / Revenue,LOCKED — PRIOR CHAT VERIFIED,Simple Economic Engine; business/revenue planning; investor/Steward training,Internal / Investor,Economic Engine Rule,Controlled,Founders / Financial Steward,2026-09-02,Exact locked economic-engine rule.
"Can AMW create the value it promised the Client while responsibly stewarding the relationship, its own capacity, and everything entrusted to the engagement?",Client Partnership / ACPOF,LOCKED — PRIOR CHAT VERIFIED,ACPOF central question; paid Client Partnership reviews; Steward training; client operating framework,Internal,ACPOF central question,Yes in ACPOF reviews,Responsible Steward,2026-09-02,Exact central question recovered from prior chat.
"To govern how AMW responsibly enters, delivers, stewards, learns from, returns value through, and concludes paid Client Partnerships while protecting the Client, AMW, the work, and the institutional capacity required to continue serving.",Client Partnership / ACPOF Purpose,LOCKED — PRIOR CHAT VERIFIED,ACPOF purpose; paid Client Partnership architecture; AMOS/client training,Internal,ACPOF purpose,Controlled,Responsible Steward / Founders,2026-09-02,Exact ACPOF umbrella purpose recovered from prior chat.
AMW does not pursue funding merely because funding is available. AMW pursues and accepts funding when the opportunity responsibly strengthens work AMW is prepared to steward.,Funding / Governing Principle,LOCKED — PRIOR CHAT VERIFIED,AMW Grant & Funding Architecture; Funding Pipeline; Steward/investor training,Internal,Funding Governing Principle,Yes in funding architecture,Funding Steward,2026-09-02,Explicitly registered as governing principle.
Community experience helps AMW understand responsible resource priorities; AMW then seeks resources capable of strengthening those priorities.,Funding / Community Resource Priorities,LOCKED — STATEMENT PLACEMENT VERIFIED,Statement Placement Register; funding/resource architecture; community learning/resource priority work,Public / Internal,Funding / Community Resource Principle,Controlled,Funding / Community Steward,2026-09-02,Explicitly locked in Statement Placement Register.
An award is not the end of AMW's funding process. It is the beginning of AMW's responsibility to prove the resource was responsibly stewarded.,Funding / Award Stewardship,LOCKED — PRIOR CHAT VERIFIED,AWARDED trigger; Award Stewardship Rule; active award/reporting/closeout/returned-learning lifecycle,Internal,Award Stewardship Rule,Yes upon award,Funding / Resource Steward,2026-09-02,Exact award stewardship statement recovered.
AMW carries the complexity internally.,Resource Request / Anti-Burden,LOCKED — PRIOR CHAT VERIFIED,Community Resource Request & Stewardship Pathway; Return handling; community/client experience,Public / Internal,CRRS governing expression,Controlled,Community / Resource Steward,2026-09-02,Exact expression locked over CRRS pathway.
"Can AMW move a real Institutional matter through these three rooms without requiring the person involved to carry the Architecture, without losing responsibility between systems, and without allowing closure to strand relationship, learning, or accountability?",Three-Room Test / Assurance,LOCKED — PRIOR APPROVED TEST,Three-Room practical test; CPRS/IACT/IRC assurance; implementation/readiness review,Internal,Three-Room Test,Yes in Three-Room assurance,Stewardship / Council,2026-09-02,Recovered governing question from the strengthened Three-Room Test.
"AMW protects the Seal that AMW actually controls and uses. A mockup, variation, merchandise treatment, or adaptation does not silently replace the Brand Book-controlled Seal.",Brand / Seal Control,LOCKED — PRIOR CHAT VERIFIED,Controlled Seal/Brand Book record; BPR01; Brand/IP training; asset approval,Internal / Public,Seal Control / Brand Book,Yes in Seal control,Founders / Brand Steward,2026-09-02,Exact Seal protection statement locked in prior chat.
You don’t have to perform hardship to be welcomed with dignity.,Community / Dignity,CONTROLLED — SOURCE-CONFIRMED,Holiday/community flyers; Legacy Table; request/landing experiences; selected community displays/forms,Public,Holiday / Community dignity statement,Controlled,Community / Brand Steward,2026-09-02,Exact source-facing language recovered from Holiday Legacy flyer.
Your information is respected. Your dignity is protected. You are not alone.,Community / Privacy & Dignity,CONTROLLED — SOURCE-CONFIRMED,Holiday/community landing pages and forms; privacy/dignity footer; selected participant communications,Public,Community privacy/dignity statement,Controlled,Community / Information Steward,2026-09-02,Exact source-facing footer statement recovered from Holiday Legacy flyer.
"Your contribution helps create community value. It does not purchase access to the people AMW serves, ownership of their experience, or authority beyond the role AMW has responsibly entrusted.",Contribution / Boundary,CONTROLLED — SOURCE-CONFIRMED,Contributor Door; Holiday/community contribution pathways; donor/resource communications; Steward training,Public / Internal,Contributor Boundary,Yes in contributor contexts,Resource / Community Steward,2026-09-02,Exact public-facing contribution boundary recovered from Holiday Legacy asset.
Service participation and publicity are separate decisions.,Participant Rights / Publicity,LOCKED — CONTROLLED,Representation & Publicity Choice; Holiday/community forms; client/community portfolio; participant communications,Public,Publicity / Participation Separation,Yes where publicity choice applies,Community Steward,2026-09-02,Controlled separation principle; complements existing no-consent/participation statements.
"AMW does not require SNAP status, Social Services case information, Child Support status, immigration information or similar sensitive data merely to indicate need.",Community / Minimum Necessary Information,CONTROLLED,Legacy Table Community Meal Inquiry; Holiday/community intake; Community Resource requests,Public / Internal,Sensitive-Data Limitation,Yes in relevant community intake,Community / Information Steward,2026-09-02,Controlled public-facing data-minimization language.
"Before drafting/answering an intake or application, locate the current form or authoritative requirements whenever reasonably available.",Application / Current-Form First,LOCKED — CONTROLLED,AMOS Trigger Register; applications/intakes/forms; research/application training,Internal,Current-Form First Rule,Yes for application/intake work,All Stewards,2026-09-02,Current controlled Trigger Register rule.
"Carry forward established, verified answers; reopen only with changed requirements, new information, or conflicting evidence.",Application / Continuity,LOCKED — CONTROLLED,AMOS Trigger Register; repeated applications/intakes; controlled answer reuse,Internal,Application Continuity Rule,Yes for repeated applications/intakes,All Stewards,2026-09-02,Current controlled Trigger Register rule.
Research apparent ambiguity before escalating it to the Founder.,Research / Ambiguity,LOCKED — CONTROLLED,AMOS Trigger Register; application/form/source ambiguity; research training,Internal,Apparent-Ambiguity Research Gate,Yes when ambiguity appears,Research / Responsible Steward,2026-09-02,Current controlled trigger rule.
Material venue conditions must be reverified before commitment.,Venue / Verification,LOCKED — CONTROLLED,AMOS Trigger Register; event/venue readiness; contracts and event planning,Internal,Venue Verification Aging Rule,Yes before venue commitment,Event / Responsible Steward,2026-09-02,Current controlled trigger rule.
A material venue or partner change reopens the affected readiness checks.,Venue / Partner Change,LOCKED — CONTROLLED,AMOS Trigger Register; event/partner readiness; client event planning,Internal,Venue/Partner Change Trigger,Yes on material change,Event / Responsible Steward,2026-09-02,Current controlled trigger rule.
Settled facts are not repeatedly forced back onto the Founder for proof when AMW already possesses the controlled answer.,Institutional Record / Revalidation,LOCKED — CONTROLLED,AMOS Trigger/Policy controls; research/application/recovery; source-of-truth use,Internal,No Forced Revalidation Rule,Yes when fact is already settled,All Stewards / System,2026-09-02,Controlled anti-revalidation rule; complements the existing retrieval-continuity statement.
"Completed conversational or controlled work counts as completed AMW work. Substantive developing work also remains AMW work. Material work is made durable, visual, downloadable, and filed according to its status.",Institutional Record / Artifact Control,LOCKED — CONTROLLED,Durable Artifact Control; AMW recovery/ordinary work; controlled filing/indexing,Internal,Durable Artifact Control,Yes for material AMW work,All Stewards / System,2026-09-02,Controlled durability rule.
"Do not describe a summary, index, architecture record, preservation bundle, or partially accessible compilation as the complete Legacy or Complete AMOS unless the actual underlying work has been materialized and verified.",Institutional Record / Completeness,LOCKED — CONTROLLED,"Recovery, compendia, archive/index publications, status reporting",Internal,No False Completeness Control,Yes when representing completeness,All Stewards / System,2026-09-02,Controlled completeness safeguard.
"When materially completing or updating an instrument, create or update its durable artifact at that time rather than waiting for the Friday review.",Institutional Record / Artifact Discipline,LOCKED — CONTROLLED,Ordinary work artifact creation; filing/indexing; operating rhythm,Internal,Ordinary-Work Artifact Discipline,Yes on material completion/update,All Stewards / System,2026-09-02,Controlled artifact-discipline rule.
Loans are not AMW funding and will never be represented as grants. AMW's own active funding search excludes debt and ownership dilution.,Funding / Classification,LOCKED — CONTROLLED,Funding Pipeline; funding briefs; investor/Steward training; opportunity classification,Internal / Investor,Funding Classification Control,Yes in AMW funding search,Funding Steward,2026-09-02,Controlled funding classification rule.
"Review controlling eligibility, application, award, use, reporting, repayment, publicity, and ownership terms before describing a resource as unrestricted, nonrepayable, no-cost, ownership-free, or usable.",Funding / Terms Integrity,LOCKED — CONTROLLED,Funding opportunity review; Funding Pipeline; recommendation/briefing controls,Internal,Funding Headline / Terms Distinction,Yes before characterizing a resource,Funding Steward,2026-09-02,Controlled terms-integrity rule.
Use current legal/official name and status; do not present a planned trade name or entity as legally established.,Naming / Current Status,LOCKED — CONTROLLED,Public/application/contract/legal-status references; Brand/IP and application integrity,Public / Internal,Current-Status Naming Rule,Yes in legal/status references,Founders / Responsible Steward,2026-09-02,Controlled naming/status rule.
Level 5 is last resort.,Escalation / Proportionality,LOCKED — CONTROLLED,Five-Level escalation; IR02; decision/escalation training; MOU,Internal,Five-Level Escalation,Yes in escalation contexts,Stewardship / Council,2026-09-02,Controlled escalation safeguard.
DESIGNED must never be represented as operational readiness.,Readiness / Evidence,LOCKED — CONTROLLED,IRS/AOR/AOCIR; readiness reviews; launch/investor/Steward reporting,Internal / Investor,Institutional Readiness,Yes in readiness/status reporting,Stewardship / Council,2026-09-02,Controlled readiness-status safeguard.
Reflection over perfection.,Reflection / Review Culture,LOCKED — EXPLICITLY REGISTERED,Institutional Review entrance; IR02 facilitator materials; Legacy Council Room; Assurance Review materials,Internal,IR02 / Review Culture,Controlled,Reflection Steward / Council,2026-09-02,Explicitly registered in the August 10 Statement Placement conversation.
"A review is an opportunity to listen, reflect, learn, correct, restore, and strengthen.",Reflection / Institutional Review,LOCKED — EXPLICITLY REGISTERED,IR01/IR02 entrance and opening page,Internal,Institutional Review opening,Yes in review opening context,Reflection Steward / Council,2026-09-02,Exact wording and placement recovered from the August 10 prior conversation.
You do not need to explain or prove your family’s hardship to make a request. AMW asks only for information reasonably necessary to understand and respond to this request.,Community / Dignity & Minimum Necessary Information,LOCKED — CONTROLLED FORM LANGUAGE,HCPP-F03A Future Legacy Creators Holiday Resource Inquiry; Holiday/community request pathway; participant communications,Public,HCPP-F03A / Community Resource Request,Yes in HCPP-F03A context,Community / Information Steward,2026-09-02,Exact controlled form language recovered from the Master Controlled Compendium.
"Resource Promise and Resource Possession remain separate responsibilities. A resource is not treated as available for allocation merely because it has been discussed, promised, requested or expected.",Resource Stewardship / Promise vs. Possession,LOCKED — CONTROLLED,Holiday Community Partnership Pilot; Community Resource Request & Stewardship; Resource Allocation Standard; AMOS,Public / Internal,Resource Promise / Resource Possession,Yes in resource/allocation contexts,Resource Steward,2026-09-02,Full controlled wording restored; complements the shorter Promise ≠ Possession expressions already registered.
Receiving community resources or participating in an AMW program does not create an obligation to become part of AMW’s story about the program.,Participant Rights / Representation,LOCKED — CONTROLLED,Community Representation & Publicity Choice; Holiday/community programs; participant communications,Public,Representation & Publicity Choice,Yes where representation/publicity choice applies,Community Steward,2026-09-02,Controlled dignity/representation safeguard recovered from the Master Controlled Compendium.
"AMW’s Holiday Community Partnership pathways are designed around dignity, clarity, minimum necessary information, responsible resource stewardship and an appropriate Return to the person making the request.",Holiday Community Partnership / Governing Experience,CONTROLLED — SOURCE-CONFIRMED,Holiday Community Partnership pathways; client/community portfolio; HCPP orientation; Steward training,Public / Internal,Holiday Community Partnership Pilot,Controlled,Community / Resource Steward,2026-09-02,Current controlled HCPP pathway statement.
"Welcome! AMW’s Future Legacy Creators Holiday Resource pathway exists to help families request available holiday resources for children through a process centered on dignity, clarity, and responsible Stewardship.",Future Legacy Creators / Welcome,CONTROLLED — FORM LANGUAGE,Opening of HCPP-F03A Future Legacy Creators Holiday Resource Inquiry; landing/request experience,Public,HCPP-F03A opening,Yes in HCPP-F03A,Community Steward,2026-09-02,Exact controlled welcome language recovered from the Master Controlled Compendium.
Submitting a request does not guarantee resource availability.,Resource Request / Availability,CONTROLLED — PUBLIC SAFEGUARD,HCPP-F03A and community resource request acknowledgments; participant communications,Public,Request Acknowledgment,Yes in applicable request forms,Community / Resource Steward,2026-09-02,Controlled request-availability safeguard.
The Council makes decisions. The Institution makes meaning from those decisions. The Legacy carries the learning forward.,Governance / Institutional Learning,LOCKED — PRIOR REGISTER VERIFIED,Governance-to-Learning Pathway; Governance Decision Record; AMOS learning return,Internal,Governance-to-Learning Pathway,Yes in governance-return contexts,Council / Learning Steward,2026-09-02,Exact prior registered wording.
"A decision is not complete when it is made. It is complete when its return has been understood, captured, and carried forward.",Governance / Decision Return,LOCKED — PRIOR REGISTER VERIFIED,Governance-to-Learning Pathway; Governance Decision Record; AMOS,Internal,Governance Decision Return,Yes in governance decision contexts,Council / Learning Steward,2026-09-02,Exact prior locked wording.
The Gap belongs to the institution—not the person.,Continuity / Gap,LOCKED — PRIOR REGISTER VERIFIED,SOP-R03 Continuity Gap; Continuity Assurance; Steward training,Internal,Continuity Gap,Controlled,Continuity Steward / Council,2026-09-02,Exact registered wording.
AMW does not build systems that end with implementation. We build systems that learn from implementation.,Institutional Learning / IR03 → R03,LOCKED — EXACT WORDING / IR03 IDENTITY RECOVERED,IR03 Foundational Operating Philosophy; later SOP-R03 governing principle; implementation-to-learning pathway; AMOS,Internal,IR03 Foundational Operating Philosophy / SOP-R03,Controlled,Learning / Continuity Steward,2026-09-03,Exact sentence was already preserved; this patch restores its earlier IR03 Foundational Operating Philosophy identity while retaining SOP-R03 as the later current operating use.
"AMW does not preserve the institution by freezing it in place. AMW preserves the institution by teaching each generation what must remain, why it matters, and how to responsibly carry it forward.",Continuity / Generational Transfer,LOCKED — PRIOR REGISTER VERIFIED,SOP-R03; Legacy Transfer; succession/continuity training,Internal,Institutional Continuity,Controlled,Continuity Steward / Council,2026-09-02,Complete exact wording recovered.
"We are building an institution capable of remembering, teaching, adapting, transferring responsibility, and continuing the work without losing its soul.",Continuity / Institutional Identity,LOCKED — PRIOR REGISTER VERIFIED,Institutional Continuity; AMOS; succession/Legacy Transfer,Internal,Continuity / Legacy,Controlled,Founders / Continuity Steward,2026-09-02,Exact registered statement.
Authority Doesn't Eliminate Accountability.,Governance / Authority,LOCKED — PRIOR REGISTER VERIFIED,Governance architecture; authority/delegation training; Council materials,Internal,Governance / Authority,Controlled,Council / Responsible Authority,2026-09-02,Original registered short-form line; retained separately from later formulation.
The Council does not exist to control the Legacy. It exists to help the Legacy remain worthy of being carried forward.,Governance / Legacy Council,LOCKED — PRIOR REGISTER VERIFIED,Legacy Council definition/orientation; Council room; Governance Philosophy,Internal,Legacy Council / Governance,Controlled,Founders / Council,2026-09-02,Exact registered governance wording.
Governance cannot end with a vote. It ends with a return.,Governance / Return,LOCKED — GOVERNANCE SAFEGUARD,Governance Philosophy; Governance Decision Record; AMOS,Internal,Governance Return,Yes in governance decision contexts,Council / Learning Steward,2026-09-02,Exact locked wording.
"Authority was entrusted to you because the institution needs someone capable of protecting its purpose, its people, its resources, and its future.",Governance / Entrusted Authority,LOCKED — PRIOR REGISTER VERIFIED,Governance/leadership orientation; authority/delegation; Council materials,Internal,Entrusted Authority,Controlled,Council / Leadership,2026-09-02,Exact registered wording.
A Steward's honesty must never become evidence that honesty was a mistake.,Governance / Honesty & Reflection,LOCKED — PRIOR REGISTER VERIFIED,IR02/reflection; concern/repair; Steward and Council training,Internal,Honesty / Non-Retaliation Culture,Controlled,Stewardship / Reflection,2026-09-02,Exact explicitly registered statement.
An Architecture can be ready for Implementation without pretending implementation has already proven it.,Readiness / Integrity,LOCKED — STATEMENT PLACEMENT VERIFIED,Implementation readiness; IRS/AOR/AOCIR; investor/Steward reporting,Internal / Investor,Legacy Integrity Statement,Yes in readiness/status contexts,Stewardship / Council,2026-09-02,Exact Statement Placement wording.
Our Legacy shouldn't merely survive us leaving. It should be capable of welcoming them arriving.,Continuity / Community Partnership,LOCKED — STATEMENT PLACEMENT VERIFIED,Introduction to Community Partnership; continuity/community partnership narrative,Public / Internal,Community Partnership / Continuity,Controlled,Founders / Community Steward,2026-09-02,Exact Statement Placement wording.
No participant's receipt of service or resources becomes promotional currency.,Participant Rights / Publicity,LOCKED — STATEMENT PLACEMENT VERIFIED,Community/participant forms; Representation & Publicity Choice; Steward training,Public / Internal,Participant Rights / Publicity,Yes in participant/publicity contexts,Community Steward,2026-09-02,Exact Statement Placement wording.
No one is beyond reflection.,Reflection / Physical Display,LOCKED — PRIOR PLACEMENT VERIFIED,Reflection Wall — Mirror Review Room; IR02 orientation,Internal / Physical environment,Mirror Review Room / Reflection Wall,Yes on Reflection Wall,Reflection Steward / Council,2026-09-02,Short physical-display line retained separately from the broader governance statement.
Building a Legacy of Service.,Brand / Historical Primary Tagline,CONTROLLED / HISTORICAL,Brand Book v1.0 cover; Seal/ribbon source asset; Brand history,Public / Internal,Brand Book v1.0 / source asset,Historical / controlled,Founders / Brand Steward,2026-09-02,Historical source-asset language; not substituted for current core brand expressions.
"May we always be the light that helps others find hope, purpose, and possibility.",Brand / Dedication,CONTROLLED — BRAND BOOK V1.0,Brand Book dedication; Legacy Manual dedication; commemorative materials,Public / Internal,Brand Book / Dedication,Controlled,Founders / Brand Steward,2026-09-02,Exact dedication wording.
We measure success by what remains after our work is complete.,Legacy / Commitment,LOCKED — BRAND BOOK V1.0,THE AMW LEGACY COMMITMENT; Brand Book; Charter/manual materials,Public / Internal,Legacy Commitment,Controlled,Founders / Stewardship,2026-09-02,Exact Legacy Commitment statement.
Leadership shared is leadership multiplied.,Leadership / Shared Leadership,CONTROLLED — BRAND BOOK V1.0,Leadership Academy; leadership development materials; Steward/Council training,Public / Internal,Leadership Academy / Brand Book,Controlled,Founders / Leadership,2026-09-02,Approved Leadership Academy expression.
"True service is not doing the work for others. True service is helping people discover their own strength, equipping organizations with lasting tools, and walking alongside communities as they build a stronger future.",Service Philosophy,LOCKED — LEGACY MANUAL / BRAND BOOK,AMW Philosophy; Legacy Manual; Brand Book; Steward/client-development training,Public / Internal,AMW Philosophy,Controlled,Founders / Stewardship,2026-09-02,Exact accepted service-philosophy text.
"To inspire service that rebuilds, restores, renews, and brings rebirth to communities—locally, nationally, and globally.",Legacy Initiative / Vision,CONTROLLED — LEGACY MANUAL,The Legacy Initiative; Legacy Manual; Brand Book,Public / Internal,The Legacy Initiative,Controlled,Founders / Community Steward,2026-09-02,Exact Legacy Initiative vision.
"The Legacy Table is more than a meal. It is a place where every person is welcomed with dignity, warmth, and respect. It is a place that feels like home.",Legacy Table / Community,CONTROLLED — LEGACY MANUAL,The Legacy Table; Legacy Manual; community-meal materials,Public / Internal,The Legacy Table,Controlled,Founders / Community Steward,2026-09-02,Exact approved Legacy Table opening.
"To strengthen nonprofit organizations, community leaders, and mission-driven partners by connecting them with the strategies, partnerships, and resources they need to create lasting community impact.",Mission / Historical Brand Book,CONTROLLED / HISTORICAL,Brand Book v1.0 mission; website/mobile mockups; Brand history,Public / Internal,Brand Book v1.0 / Mission,Historical / controlled,Founders / Brand Steward,2026-09-02,Historical mission; current controlled mission remains separately governed.
selfishness is not selflessness,Our Charge / Values,USER-DIRECTED — EXACT WORDING,Our Charge; Legacy Manual/Charter development; Steward values/culture materials,Internal / Public,Our Charge,Controlled source wording,Founders / Stewardship,2026-09-02,User-directed phrase preserved rather than silently rewritten.
one small step saves you from a life changing circumstance,Our Charge / Prevention & Service,USER-DIRECTED — EXACT WORDING,Our Charge; Legacy Manual/Charter development; community/Steward culture materials,Internal / Public,Our Charge,Controlled source wording,Founders / Stewardship,2026-09-02,Exact user-directed phrase.
Building What Comes Next.,Service Architecture / Research & Innovation,CONTROLLED — CURRENT,Research & Innovation division; client/community portfolio; website/service materials,Public / Internal,Research & Innovation tagline,Controlled,Brand Steward / Research & Innovation,2026-09-02,Current controlled service-division expression.
"Holiday support should come with dignity, not requirement to prove your hardship.",Holiday / Dignity,APPROVED SOURCE WORDING — HISTORICAL,Future Legacy Creators Toy Drive family-facing message; Holiday source record,Public,Holiday Toy Drive source flyer,Historical / controlled source,Community / Brand Steward,2026-09-02,Original approved source wording; later public materials normalize the phrasing.
"Every child carries possibility. This holiday season, help us make room for joy.",Holiday / Future Legacy Creators,APPROVED SOURCE WORDING,Future Legacy Creators Toy Drive; Holiday family/contributor flyer,Public,Holiday Toy Drive flyer,Controlled,Community / Brand Steward,2026-09-02,Approved Toy Drive statement.
THERE IS ROOM AT THE TABLE.,Legacy Table / Holiday,APPROVED / FINAL-ASSET VARIANT,Legacy Table Holiday Community Meal flyer headline,Public,Legacy Table flyer,Yes on applicable flyer,Community / Brand Steward,2026-09-02,Approved headline.
Food is part of what we're providing. Belonging is what we hope you experience,Legacy Table / Belonging,APPROVED SOURCE WORDING — HISTORICAL,Legacy Table Holiday Community Meal flyer supporting copy,Public,Legacy Table source wording,Historical / controlled source,Community / Brand Steward,2026-09-02,Original approved source wording.
"Come share a meal, connection, and community",Legacy Table / Invitation,APPROVED SOURCE WORDING,Legacy Table Holiday Community Meal flyer invitation/CTA,Public,Legacy Table flyer,Controlled,Community / Brand Steward,2026-09-02,Approved invitation wording.
What would you like to entrust to the Legacy?,Contributor / Stewardship,APPROVED SOURCE WORDING,Contributor QR door; Holiday/community contribution pathway,Public,Contributor Door / QR prompt,Controlled,Resource / Community Steward,2026-09-02,Approved Contributor QR prompt.
DIGNITY. RESPONSIBILITY. STEWARDSHIP. RETURN.,Holiday / Public Footer,CONTROLLED — FINAL PUBLIC ASSET,Holiday Community Partnership flyers/forms footer,Public,HCPP flyer/footer,Controlled,Community / Brand Steward,2026-09-02,Final controlled Holiday footer.
Food is part of what we’re providing. Belonging is what the experience should feel like.,Legacy Table / Belonging,CONTROLLED — FINAL PUBLIC ASSET,Legacy Table Holiday Community Meal flyer supporting copy,Public,Legacy Table final flyer,Yes on final flyer,Community / Brand Steward,2026-09-02,Final public-asset wording; preserved separately from earlier source wording.
ALL ARE WELCOME. NO PROOF. NO PRESSURE. JUST PEOPLE.,Legacy Table / Dignity,CONTROLLED — FINAL PUBLIC ASSET,Legacy Table Holiday Community Meal flyer,Public,Legacy Table final flyer,Yes on final flyer,Community / Brand Steward,2026-09-02,Final public flyer statement.
"TOGETHER, WE PUT JOY UNDER THE TREE AND DIGNITY AT THE CENTER OF GENEROSITY.",Holiday / Generosity,CONTROLLED — FINAL PUBLIC ASSET,Future Legacy Creators Toy Drive flyer footer,Public,Toy Drive final flyer,Yes on final flyer,Community / Brand Steward,2026-09-02,Final public flyer expression.
Help Make the Holidays Meaningful.,Holiday / Contributor Call,CONTROLLED — FINAL PUBLIC ASSET,Holiday contributor/volunteer flyer headline,Public,Holiday contributor flyer,Yes on final flyer,Community / Brand Steward,2026-09-02,Final public contributor-flyer headline.
TOYS. MEALS. COMMUNITY. LEGACY.,Holiday / Contributor Call,CONTROLLED — FINAL PUBLIC ASSET,Holiday contributor/volunteer flyer,Public,Holiday contributor flyer,Yes on final flyer,Community / Brand Steward,2026-09-02,Final public contributor-flyer expression.
"TOGETHER, WE BUILD A LEGACY OF DIGNITY, CARE, AND COMMUNITY.",Holiday / Community,CONTROLLED — FINAL PUBLIC ASSET,Holiday contributor/volunteer flyer footer,Public,Holiday contributor flyer,Yes on final flyer,Community / Brand Steward,2026-09-02,Final public contributor-flyer statement.
DIGNITY FOR PEOPLE. CLARITY FOR STEWARDS. RETURN FOR THE LEGACY.,Holiday / Institutional Footer,CONTROLLED — FINAL PUBLIC ASSET,Holiday Community Partnership Pilot resource-suite footer,Public / Internal,HCPP Resource Suite,Controlled,Community / Stewardship,2026-09-02,Final controlled HCPP institutional footer.
A system where nothing meaningful stops with the person who discovered it.,Knowledge Capture / Learning Exchange,LOCKED — PRIOR DISPLAY VERIFIED,Knowledge Capture / Learning Exchange display; institutional learning; AMOS,Internal / Physical environment,Knowledge Capture / Learning Exchange,Controlled,Learning Steward,2026-09-02,Exact short display statement.
We learned something. We did something with it. Now someone else can benefit from it.,Institutional Learning / Return,LOCKED — PRIOR CHAT VERIFIED,Institutional Learning Return; Knowledge Integration; AMOS,Internal,Institutional Learning Return,Controlled,Learning Steward,2026-09-02,Exact Learning Return wording.
"Succession is about who takes over. Continuity is about making sure the institution knows how to keep becoming, regardless of who is holding responsibility.",Continuity / Succession,LOCKED — STATEMENT PLACEMENT VERIFIED,SOP-R03; succession/continuity training; Legacy Transfer,Internal,SOP-R03 / Continuity,Controlled,Continuity Steward / Council,2026-09-02,Exact Statement Placement wording.
"No responsibility is considered successfully transferred merely because another person possesses the title. The institution must demonstrate that the successor can responsibly perform, understand, adapt, and eventually teach the responsibility.",Continuity / Transfer Safeguard,LOCKED — R03 SAFEGUARD,SOP-R03 safeguard; succession/transfer assurance; Steward training,Internal,R03 Safeguard,Yes in transfer assurance,Continuity Steward,2026-09-02,Exact R03 Safeguard.
Can the person behind us carry this forward—and can we give them everything they need to make it better?,Continuity / Closing Question,LOCKED — R03 CLOSING QUESTION,SOP-R03 Closing Question; continuity review; handoff/transfer,Internal,R03 Closing Question,Yes in R03 closeout,Continuity Steward,2026-09-02,Exact R03 Closing Question.
Could someone else responsibly carry this tomorrow if necessary?,Continuity / Readiness,LOCKED — PRIOR CHAT VERIFIED,SOP-R03 Continuity Readiness Test; daily/operational continuity check,Internal,Continuity Readiness Test,Controlled,Continuity Steward,2026-09-02,Exact reusable readiness question.
Remember → Teach → Practice → Evaluate → Transfer → Renew,Continuity / Cycle,LOCKED — R03 CYCLE,SOP-R03 Continuity Cycle; AMOS; continuity training and visual flow,Internal,Continuity Cycle,Yes in R03 cycle displays,Continuity Steward,2026-09-02,Exact Continuity Cycle expression.
Explain → Demonstrate → Practice → Confirm → Release,Continuity / Legacy Transfer,LOCKED — LEGACY TRANSFER,SOP-R03 Legacy Transfer; training; handoff/transfer visual flow,Internal,Legacy Transfer,Yes in transfer contexts,Continuity Steward,2026-09-02,Exact Legacy Transfer expression.
Can the incoming Steward explain what they are inheriting?,Continuity / Readiness Test,LOCKED — R03 READINESS TEST,SOP-R03 Continuity Readiness Test,Internal,Continuity Readiness Test,Yes in R03 readiness test,Continuity Steward,2026-09-02,Exact readiness-test question.
Do they understand why it exists?,Continuity / Readiness Test,LOCKED — R03 READINESS TEST,SOP-R03 Continuity Readiness Test,Internal,Continuity Readiness Test,Yes in R03 readiness test,Continuity Steward,2026-09-02,Exact readiness-test question.
Do they know what must not be changed casually?,Continuity / Readiness Test,LOCKED — R03 READINESS TEST,SOP-R03 Continuity Readiness Test,Internal,Continuity Readiness Test,Yes in R03 readiness test,Continuity Steward,2026-09-02,Exact readiness-test question.
Do they know what may be adapted?,Continuity / Readiness Test,LOCKED — R03 READINESS TEST,SOP-R03 Continuity Readiness Test,Internal,Continuity Readiness Test,Yes in R03 readiness test,Continuity Steward,2026-09-02,Exact readiness-test question.
Do they know where the supporting knowledge and resources live?,Continuity / Readiness Test,LOCKED — R03 READINESS TEST,SOP-R03 Continuity Readiness Test,Internal,Continuity Readiness Test,Yes in R03 readiness test,Continuity Steward,2026-09-02,Exact readiness-test question.
Do they know who they can ask for help?,Continuity / Readiness Test,LOCKED — R03 READINESS TEST,SOP-R03 Continuity Readiness Test,Internal,Continuity Readiness Test,Yes in R03 readiness test,Continuity Steward,2026-09-02,Exact readiness-test question.
Can they operate the responsibility without depending upon the person leaving?,Continuity / Readiness Test,LOCKED — R03 READINESS TEST,SOP-R03 Continuity Readiness Test,Internal,Continuity Readiness Test,Yes in R03 readiness test,Continuity Steward,2026-09-02,Exact readiness-test question.
Can they explain how they will pass it forward themselves?,Continuity / Readiness Test,LOCKED — R03 READINESS TEST,SOP-R03 Continuity Readiness Test,Internal,Continuity Readiness Test,Yes in R03 readiness test,Continuity Steward,2026-09-02,Exact readiness-test question.
"If any answer is no, the transfer isn't ready.",Continuity / Readiness Test,LOCKED — R03 READINESS TEST,SOP-R03 Continuity Readiness Test conclusion,Internal,Continuity Readiness Test,Yes in R03 readiness test,Continuity Steward,2026-09-02,Locked readiness-test conclusion.
A strong village teaches its people how to lean on one another so they can become capable of standing on their own when they need to.,Village / Capability,LOCKED — PRIOR CHAT VERIFIED,Daily Practice philosophy; Steward development; onboarding/training,Internal / Public,Daily Practice / Village Philosophy,Controlled,Stewardship,2026-09-02,Original longer locked wording.
"A Steward should never be expected to carry what they have not yet been given the opportunity to understand, practice, and ask questions about.",Onboarding / Capability,LOCKED — AOC GOVERNING STANDARD,AOC onboarding; Welcome Home; Steward training; readiness/transfer,Internal,AOC Governing Standard,Yes in onboarding/AOC contexts,Stewardship,2026-09-02,Exact AOC governing standard.
You Are Allowed to Need the Village.,Onboarding / Help-Seeking,LOCKED — STATEMENT PLACEMENT VERIFIED,AOC-04 Ask; Welcome Home/onboarding; Steward support,Internal / Physical display,AOC-04 / Welcome Home,Controlled,Stewardship,2026-09-02,Exact Statement Placement wording.
Asking for help is not a failure of Stewardship. Knowing when to ask is part of Stewardship.,Onboarding / Help-Seeking,LOCKED — AOC MESSAGE,AOC-04 Ask; Welcome Home/onboarding; escalation training,Internal,AOC-04 Ask,Controlled,Stewardship,2026-09-02,Exact AOC-04 message.
"Your experience is valuable here, and we want to learn with you.",Onboarding / Contributor Voice,LOCKED — AOC-05 MESSAGE,AOC-05; contributor/Steward onboarding; Welcome Home; learning culture,Internal,AOC-05 / Contributor Voice,Controlled,Stewardship / Learning,2026-09-02,Exact AOC-05 message.
"No institutional rhythm should exist merely because it has always existed. Every recurring practice must continue to demonstrate that it creates value, protects people, strengthens stewardship, produces learning, or supports continuity.",Institutional Rhythm / Safeguard,LOCKED — RHYTHM SAFEGUARD,IRHY; rhythm review; Steward/Council training,Internal,Rhythm Safeguard,Yes in rhythm governance,Stewardship / Council,2026-09-02,Exact Rhythm Safeguard.
"A missed rhythm is a signal to understand, not automatically a failure to punish.",Institutional Rhythm / Reflection,LOCKED — RHYTHM SAFEGUARD,IRHY; reflection/review training,Internal,Rhythm Safeguard,Controlled,Stewardship / Reflection,2026-09-02,Exact rhythm statement.
"If AMW is healthy, how would we know?",Measurement / Governance,LOCKED — MEASUREMENT GOVERNING QUESTION,Architecture → Measurement; AMM-01–05; assurance/review,Internal,Measurement Governance,Yes in measurement architecture,Stewardship / Council,2026-09-02,Exact Measurement Governance question.
The institution can correct a practice without reducing a human being to the practice that needs correction.,Reflection / Human Dignity,LOCKED — ARF PHILOSOPHY,ARF Reflection philosophy; IR02/ROM; reflection training,Internal,ARF / Reflection Philosophy,Controlled,Reflection Steward,2026-09-02,Exact Reflection philosophy statement.
Reflection doesn’t stop the institution.,Reflection / Continuity,LOCKED — STATEMENT PLACEMENT VERIFIED,ROM/ARF; Reflection operating machinery; Steward training,Internal,Reflection Operating Machinery,Controlled,Reflection Steward,2026-09-02,Exact Statement Placement wording.
The record exists to help the institution remember what it learned—not to create a permanent monument to who made a mistake.,Reflection / Record Dignity,LOCKED — PRIOR REGISTER VERIFIED,ROM forms; Reflection record; confidentiality/learning training,Internal,Reflection Record,Controlled,Reflection / Learning Steward,2026-09-02,Exact registered wording.
A contingency plan nobody has ever attempted is still partly NOT YET PROVEN.,Resilience / Evidence,LOCKED — PRIOR CHAT VERIFIED,IRC / Three-Room resilience; contingency readiness; practical testing,Internal,IRC / Readiness,Controlled,Resilience Steward / Council,2026-09-02,Exact practical-test statement.
CONNECTED — NOT CONDITIONAL,Client + Community Partnership / Boundary,LOCKED — RELATIONSHIP ARCHITECTURE,Founding Client + Community Partnership Package; Steward training,Internal / Client / Partner,Relationship Boundary,Controlled,Founders / Responsible Steward,2026-09-02,Relationship architecture label: connected relationships may coexist but one is not conditional on the other.
A successful return has two beneficiaries: the place receiving the improvement and the person whose contribution helped make the improvement possible.,Institutional Learning / Contributor Return,LOCKED — CONTRIBUTOR RETURN,ILR machinery; Contributor Return; AMOS,Internal / Contributor,Two Beneficiaries Rule / Contributor Return,Yes in Contributor Return contexts,Learning Steward,2026-09-02,Exact Two Beneficiaries statement.
"When someone helps AMW learn, AMW should make a reasonable effort to let them know what became of what they shared.",Institutional Learning / Contributor Return,LOCKED — CONTRIBUTOR RETURN RULE,ILR machinery; Contributor Return; Partner/Steward feedback loop,Internal / Contributor / Partner,Contributor Return Rule,Controlled,Learning Steward,2026-09-02,Exact Contributor Return governing rule.
"AMW does not operationalize its Architecture by asking people to memorize the system. AMW operationalizes its Architecture by making the system understandable, usable, observable, measurable, reflective, and capable of learning from practice.",Operationalization / Baseline Promise,LOCKED — AOR-01 BASELINE,AOR-01; Architecture operationalization; AMOS; Steward/Council training,Internal,Architecture Operationalization Promise,Yes in operationalization contexts,Stewardship / Council,2026-09-02,Exact operationalization baseline promise.
The Master Record does not replace the Architecture. It teaches people how the Architecture moves.,Operationalization / Master Record,LOCKED — AOMR-01,AOMR-01; Architecture Operationalization Master Record; AMOS,Internal,AOMR-01,Yes in Master Record context,Stewardship / Council,2026-09-02,Exact AOMR-01 governing rule.
Measurement helps AMW know where to look.,Measurement / Safeguard,LOCKED — AOMR-05,AOMR-05; measurement/assurance; AMOS,Internal,AOMR-05,Controlled,Stewardship / Measurement,2026-09-02,Exact AOMR-05 safeguard.
Reflection examines the system without automatically turning the human being into the problem.,Reflection / Protection,LOCKED — AOMR-06,AOMR-06; Reflection; assurance/review; AMOS,Internal,AOMR-06,Controlled,Reflection Steward / Council,2026-09-02,Exact AOMR-06 protection statement.
The Master Record should point to records rather than absorb them.,Operationalization / Record Boundary,LOCKED — AOMR-10,AOMR-10 Record Boundary; Master Record; AMOS,Internal,AOMR-10,Controlled,Stewardship / Records,2026-09-02,Exact AOMR-10 record-boundary statement.
"Connection should reduce complexity, not reproduce it.",Operationalization / Integration,LOCKED — AOMR-10,AOMR-10; Master Record/integration; system-design training,Internal,AOMR-10,Controlled,Stewardship / Systems,2026-09-02,Exact AOMR-10 integration statement.
Can I navigate this without having personally known the people who designed it?,Operationalization / Continuity Test,LOCKED — AOMR-12 CLOSING TEST,AOMR-12 closing test; continuity/readiness review,Internal,AOMR-12,Yes in AOMR closing test,Stewardship / Council,2026-09-02,Exact AOMR-12 closing-test question.
"Can AMW's Architecture actually be understood, used, observed, measured, reflected upon, and improved by the people who inherit and operate it?",Operationalization / Assurance,LOCKED — AOAT GOVERNING QUESTION,Architecture Operationalization Assurance Test; readiness/assurance,Internal,AOAT,Yes in AOAT,Stewardship / Council,2026-09-02,Exact AOAT governing question.
The Architecture passes because evidence demonstrates capability—not because its designers can explain what they intended.,Operationalization / Evidence,LOCKED — AOAT EVIDENCE RULE,AOAT; readiness/assurance; investor/Steward status reporting,Internal / Investor,AOAT Evidence Rule,Yes in AOAT/readiness,Stewardship / Council,2026-09-02,Exact AOAT evidence rule.
A donated truckload of toys doesn't buy access to families.,Contributor / Access Boundary,LOCKED — PRIOR CHAT VERIFIED,Holiday Community Partnership; Contributor Door; Toy Drive boundaries,Public / Internal,Contributor Boundary,Controlled,Community / Resource Steward,2026-09-02,Exact plain-language contributor boundary.
AMW should not invite community through a door until AMW has reasonably established what happens after they walk through it.,Communication / Launch Readiness,LOCKED — PRIOR CHAT VERIFIED,Public QR/flyer/site launch; Holiday/community doors; AMOS,Internal,Communication / Launch Readiness,Yes before public invitation,Community / Operations Steward,2026-09-02,Long-form locked wording; later compact version remains separately preserved.
"Service participation and publicity are separate decisions. Choosing NO does not affect eligibility for services, resources, programs or future consideration. No response means no consent.",Participant Rights / Consent,LOCKED — CONTROLLED COMPOUND FORM LANGUAGE,Representation & Publicity Choice; participant communications,Public,Representation & Publicity Choice,Yes where publicity choice applies,Community Steward,2026-09-02,Full compound controlled form wording.
"Receiving community resources or participating in an AMW program does not create an obligation to become part of AMW’s story about the program. Choosing NO does not affect eligibility for services, resources, programs or future consideration.",Participant Rights / Representation,LOCKED — CONTROLLED COMPOUND FORM LANGUAGE,Community Representation & Publicity Choice; participant communications,Public,Community Representation & Publicity Choice,Yes where representation applies,Community Steward,2026-09-02,Full controlled compound representation statement.
"The phoenix represents restoration, renewal, and rebirth rather than mere survival.",Brand / Seal Symbolism,CONTROLLED — CURRENT BRAND BOOK,Current Brand Book; Public Seal symbolism; Brand/IP training,Public / Internal,Brand Book / Seal Symbolism,Controlled,Founders / Brand Steward,2026-09-02,Current controlled Brand Book symbolism.
The Public Seal and IAMW Legacy Seal are distinct identity assets within the same Legacy.,Brand / Seal Distinction,LOCKED — CURRENT BRAND CONTROL,Brand Book; Brand/IP Control Manual; Seal specifications,Internal / Public,Brand Book / Seal Control,Yes in Seal-use contexts,Founders / Brand Steward,2026-09-02,Current Brand Book Seal distinction.
The I • A • M crest meaning is Indya • Alicia • Myles.,Brand / Crest Meaning,CONTROLLED — CURRENT BRAND BOOK,Brand Book; IAMW Legacy Seal meaning; provenance/education,Public / Internal,Brand Book / Crest Meaning,Controlled,Founders / Brand Steward,2026-09-02,Current Brand Book crest meaning.
"AMW emphasizes responsible Stewardship, understandable systems, continuity, accessible information, non-punitive learning and sustainable capability rather than one-time fixes.",Client / How We Work,CONTROLLED — CURRENT,Client-facing portfolio; website/service narrative; proposals,Public / Internal,Client Portfolio / How We Work,Controlled,Founders / Stewards,2026-09-02,Current controlled client-facing operating statement.
GIVE WITH PURPOSE,Holiday / Contributor Expression,CONTROLLED — FINAL PUBLIC ASSET,Future Legacy Creators Toy Drive / contributor flyer,Public,Holiday Toy Drive final asset,Controlled,Community / Brand Steward,2026-09-02,Final public expression.
Every gift matters.,Holiday / Contributor Expression,CONTROLLED — FINAL PUBLIC ASSET,Future Legacy Creators Toy Drive contributor flyer,Public,Holiday Toy Drive final asset,Controlled,Community / Brand Steward,2026-09-02,Final public expression.
Contributors & Community Partners: Donate new toys or gifts and help make the holidays brighter for Future Legacy Creators.,Holiday / Contributor Invitation,CONTROLLED — FINAL PUBLIC ASSET,Future Legacy Creators Toy Drive contributor flyer,Public,Holiday Toy Drive final asset,Controlled,Community / Brand Steward,2026-09-02,Final public contributor invitation.
Drop-off • Sponsor • Volunteer • Share,Holiday / Contributor Actions,CONTROLLED — FINAL PUBLIC ASSET,Future Legacy Creators Toy Drive contributor flyer,Public,Holiday Toy Drive final asset,Controlled,Community / Brand Steward,2026-09-02,Final public action expression.
A principle is not complete because it was written. It is complete when it can be seen in how AMW behaves.,Principle Registry / Lived Architecture,LOCKED — EXPLICIT STATEMENT PLACEMENT,Principle Registry; AMOS; Steward/Council training; assurance reviews,Internal,Principle Registry / Lived Architecture,Yes in Principle Registry context,Stewardship / Council,2026-09-02,Exact registered statement.
"No AMW system stands alone. Every system must know what it serves, what it receives, what it contributes, and where its learning returns.",Systems Integration / Institutional Connection,LOCKED — INSTITUTIONAL CONNECTION PRINCIPLE,Systems integration; AMOS; architecture training,Internal,Institutional Connection Principle,Yes in systems-integration contexts,Stewardship / Council,2026-09-02,Exact Institutional Connection Principle.
WE BECOME STRONGER BECAUSE WE BUILT THIS.,Architecture Map / Governing Statement,LOCKED — ARCHITECTURE MAP,Top of AMW Institutional Architecture Map,Internal / Physical display,Institutional Architecture Map,Yes on Architecture Map,Founders / Stewardship,2026-09-02,Exact top-line placement.
Write what is worthy of remembering. Build what is worthy of inheriting.,Architecture Map / Legacy,LOCKED — ARCHITECTURE MAP,Immediately beneath the top statement on the Institutional Architecture Map,Internal / Physical display,Institutional Architecture Map,Yes on Architecture Map,Founders / Continuity Steward,2026-09-02,Exact inheritance statement.
"We aren't built only for the people currently in the room. We build for the person who hasn't been born, the Steward who hasn't joined, the Community Partner we haven't met, the Future Legacy Creator who hasn't discovered their passion, and the person who will someday sit at the Legacy Table.",Architecture Map / Empty Chair,LOCKED — EMPTY CHAIR PLAQUE,Center of Institutional Architecture Map — Empty Chair plaque,Internal / Physical display,Institutional Architecture Map / Empty Chair,Yes on Empty Chair plaque,Founders / Continuity Steward,2026-09-02,Complete Empty Chair plaque wording.
"The important distinction is that shared knowledge does not diminish ownership of the contribution. The discoverer remains part of the story, while the knowledge becomes available to the institution.",Knowledge Continuity / Attribution,LOCKED — KNOWLEDGE CONTINUITY,Knowledge Continuity; attribution/contributor learning; AMOS,Internal,Knowledge Continuity,Controlled,Learning Steward / Stewardship,2026-09-02,Exact Knowledge Continuity distinction.
AMOS → People → Institutions → Practice → Learning → Reflection → Renewal → AMOS,Continuity / Movement,LOCKED — AMW CONTINUITY MOVEMENT,Institutional Architecture Map; Continuity Movement; AMOS training,Internal / Physical display,AMW Continuity Movement,Yes where movement is shown,Continuity Steward,2026-09-02,Exact first sequence.
The Next Steward → The Next Generation → The Next Community → The Next Legacy.,Continuity / Movement,LOCKED — AMW CONTINUITY MOVEMENT,Continuation of Continuity Movement; succession/Legacy Transfer,Internal / Physical display,AMW Continuity Movement,Yes as continuation,Continuity Steward,2026-09-02,Exact forward continuation.
The architecture itself demonstrates it.,Architecture Map / Path Principle,LOCKED — ARCHITECTURE MAP COMPANION,Architecture Map companion to the Path Forward principle,Internal / Physical display,Institutional Architecture Map,Controlled,Founders / Stewardship,2026-09-02,Exact companion line.
"The Architecture is designed, connected, tested to the extent presently possible, ready for responsible implementation, equipped to learn from implementation, and honest about what remains to be proven.",Operationalization / AOCIR Declaration,LOCKED — EXPLICIT STATEMENT PLACEMENT,AOCIR declaration; implementation/readiness materials; investor/Steward reporting,Internal / Investor,AOCIR Declaration,Yes in AOCIR/readiness contexts,Stewardship / Council,2026-09-02,Exact AOCIR declaration.
"Circulation means AMW can receive experience, make meaning from it, responsibly act upon it, and return resulting value to the institution and its people.",Operationalization / Circulation,LOCKED — AOCIR CIRCULATION,AOCIR; institutional learning/circulation; AMOS,Internal,AOCIR / Circulation,Controlled,Learning / Stewardship,2026-09-02,Exact circulation statement.
"AMW enters relationships to build value, and sustaining relationships with people not simply to extract value from their participation.",CPRS / Relationship Philosophy,LOCKED — CPRS PHILOSOPHY,Room I CPRS; Community Partnership orientation; CPRS training/forms,Internal / Partner,CPRS Relationship Philosophy,Controlled,Relationship Steward / Council,2026-09-02,Exact recovered relationship-philosophy wording.
A Community Partner does not need to translate their experience into AMW terminology before AMW is willing to hear it.,CPRS / Partner Voice,LOCKED — CPRS,Room I CPRS; Partner Voice; concern/repair; interface training,Internal / Partner,CPRS / Partner Voice,Controlled,Relationship Steward,2026-09-02,Exact locked CPRS statement.
Have I listened? Have I understood? Have I examined the system? Have I considered the resources? Have I considered the person's circumstances? Have I contributed to the solution? Am I trying to correct the problem—or prove that I'm right?,Reflection / Facilitator Mirror,LOCKED — EXACT TEXT RECOVERED,Mirror Review Room — Facilitator's Mirror; facilitator pre-review and training,Internal / Physical environment,IR02 / Facilitator's Mirror,Yes on facilitator mirror,Reflection Steward,2026-09-02,Exact facilitator-mirror questions recovered.
You are not the problem. You are part of the conversation that helps us understand the problem.,Reflection / Steward Side,LOCKED — EXACT TEXT RECOVERED,Mirror Review Room — Steward side; participant orientation,Internal / Physical environment,IR02 / Steward-side display,Yes in Mirror Review Room,Reflection Steward,2026-09-02,Exact Steward-side room statement recovered.
Asking for help is a strength.,Reflection / Steward Side,LOCKED — EXACT TEXT RECOVERED,Mirror Review Room — Steward side; Welcome Home/help-seeking culture,Internal / Physical environment,IR02 / Steward-side display,Yes in Mirror Review Room,Reflection Steward,2026-09-02,Exact physical-display statement recovered.
"No Steward, Community Partner, Future Legacy Creator, Council Member, facilitator, or participant may be retaliated against for honest participation in Institutional Reflection, including speaking truthfully about their experience, raising a concern, identifying a risk, naming harm, questioning a decision, disagreeing with an institutional action, contributing information to a Mirror Review, requesting confidentiality or protection, or participating in any review, escalation, restoration, or learning process.",Reflection / No Retaliation,LOCKED — EXACT TEXT RECOVERED,IR02 No Retaliation Standard; Participant Rights & Confidentiality; Welcome Home; facilitator/Council training,Internal,IR02 No Retaliation Standard,Yes in IR02 participant rights,Reflection Steward / Council,2026-09-02,Exact No Retaliation Standard recovered.
"A person may not lose access, standing, opportunity, relationship, voice, safety, or belonging because they participated honestly.",Reflection / No Retaliation,LOCKED — EXACT TEXT RECOVERED,IR02 No Retaliation Standard; Participant Rights & Confidentiality; escalation/restoration,Internal,IR02 No Retaliation Standard,Yes in IR02 participant rights,Reflection Steward / Council,2026-09-02,Exact protection consequence line recovered.
"Access to AMW does not create entitlement to everything within AMW, and protection of AMW does not create permission to disregard the people outside it.",Institutional Interface / Access & Protection,LOCKED — EXACT TEXT RECOVERED,Institutional Interface; Opening & Closing Door; IACT/CPRS/IRC boundary training,Internal / Public,Institutional Interface Safeguard,Controlled,Responsible Steward / Council,2026-09-02,Complete safeguard recovered from prior partial fragment.
"Measurement is evidence for reflection, not ammunition for blame.",Measurement / Operating Rule,LOCKED — EXACT TEXT RECOVERED,Architecture → Measurement; AMM; assurance/reflection training,Internal,Measurement Operating Rule,Yes in measurement architecture,Stewardship / Reflection,2026-09-02,Exact Measurement Operating Rule recovered.
Learning should travel farther than blame ever could.,Institutional Learning / Closing Safeguard,LOCKED — EXACT TEXT RECOVERED,Institutional Learning Return closing safeguard; AMOS; learning/reflection training,Internal,ILR Closing Safeguard,Controlled,Learning / Reflection Steward,2026-09-02,Exact ILR closing safeguard recovered.
The records don't get “cleaned up” by forgetting what happened. We preserve the messy history and document how we lawfully corrected it.,Institutional Record / Provenance,LOCKED — USER CORRECTION SOURCE,Legal/ownership source reconciliation; evidence file; recovery/supersession controls,Internal,Source Reconciliation / Provenance,Controlled,Founders / Records Steward,2026-09-02,Recovered from Founder correction source; preserves provenance while current facts are corrected.
We aren't turning generosity into accidental banking.,Future Financing / Safeguard,LOCKED — FUTURE CAPABILITY PHILOSOPHY,Future financing capability; legal/financial/underwriting architecture; AMOS,Internal,Future Financing — FUTURE CAPABILITY,Controlled,Founders / Financial Steward,2026-09-02,Source wording attached to the future-financing capability boundary.
Building organizations from the ground up.,Service Architecture / Foundation,HISTORICAL / DEVELOPING SOURCE,Early Service Library division description; service-development history,Public / Internal,Service Library / Foundation,Historical source,Brand / Service Steward,2026-09-02,Early division description retained as development history.
Strengthening internal operations.,Service Architecture / Organizational Excellence,HISTORICAL / DEVELOPING SOURCE,Early Service Library division description; service-development history,Public / Internal,Service Library / Organizational Excellence,Historical source,Brand / Service Steward,2026-09-02,Early division description retained as development history.
Connecting organizations with communities.,Service Architecture / Community Engagement,HISTORICAL / DEVELOPING SOURCE,Early Service Library division description; service-development history,Public / Internal,Service Library / Community Engagement,Historical source,Brand / Service Steward,2026-09-02,Early division description retained as development history.
Preparing organizations for sustainable growth.,Service Architecture / Funding Readiness,HISTORICAL / DEVELOPING SOURCE,Early Service Library division description; service-development history,Public / Internal,Service Library / Funding Readiness,Historical source,Brand / Service Steward,2026-09-02,Early division description retained as development history.
Training organizations to continue without depending on AMW.,Service Architecture / Capacity Building,HISTORICAL / DEVELOPING SOURCE,Early Service Library division description; capacity-building philosophy,Public / Internal,Service Library / Capacity Building,Historical source,Brand / Service Steward,2026-09-02,Early division description retained as development history.
How are things going?,Client Lifecycle / Legacy Check-In,DEVELOPING / SOURCE-PLACED,Legacy Roadmap — six-month Legacy Check-In; follow-up/client continuity,Client,Legacy Roadmap / Legacy Check-In,Controlled source,Responsible Steward,2026-09-02,Original Legacy Check-In question from the recovered service-architecture source.
That's legacy.,Client Lifecycle / Legacy Check-In,DEVELOPING / SOURCE-PLACED,Legacy Roadmap / Legacy Check-In narrative; service-development history,Client / Internal,Legacy Roadmap,Historical source,Responsible Steward,2026-09-02,Original source expression associated with six-month follow-up.
the table is a place to get full not just from food but knowledge and connections.,Legacy Table / Community,USER-DIRECTED — EXACT SOURCE,The Legacy Table; Legacy Manual; community meal narrative,Public / Internal,Legacy Table,Controlled source wording,Founders / Community Steward,2026-09-02,Exact early Founder wording preserved separately from later polished copy.
"Help entrepreneurs, organizations, community leaders, and mission-driven Partners access strategies, resources, organizational support, and practical pathways that strengthen their ability to create sustainable community impact.",Mission / Current Controlled,CONTROLLED — CURRENT,Business Plan; Brand Book; website About/Mission; client/investor materials,Public / Internal / Investor,Current Mission,Yes where mission is presented,Founders / Brand Steward,2026-09-02,Current controlled mission from institutional record.
"Build a locally rooted and ultimately internationally capable Legacy institution that equips leaders, strengthens organizations, expands responsible access to resources, and helps communities rebuild, restore, renew, and experience rebirth across generations.",Vision / Current Controlled,CONTROLLED — CURRENT,Business Plan; Brand Book; website; investor/Legacy materials,Public / Internal / Investor,Current Vision,Yes where vision is presented,Founders / Brand Steward,2026-09-02,Current controlled vision from institutional record.
"If a principle cannot be observed in practice, it is not yet fully operationalized.",Daily Practice / Operationalization,LOCKED — CONTROLLED,Architecture → Daily Practice; onboarding; assurance/review; AMOS,Internal,Daily Practice / Operationalization,Controlled,Stewardship / Council,2026-09-02,Current controlled architecture-to-practice principle.
Continuity is broader than succession. Succession asks who takes over; continuity makes sure the institution knows how to keep becoming.,Continuity / Definition,LOCKED — CONTROLLED,SOP-R03 opening; succession/continuity training; AMOS,Internal,SOP-R03 / Continuity,Yes in continuity orientation,Continuity Steward,2026-09-02,Current controlled continuity definition.
AMW when ordinary conditions stop being ordinary.,IRC / Resilience Identity,LOCKED — PRIOR CHAT / CONTROLLED CONTEXT,Room III — IRC opening/identity; resilience training,Internal,IRC Room III,Controlled,Resilience Steward / Council,2026-09-02,Recovered IRC identity line.
IRC records what AMW needs to remain capable during disruption—not every inconvenience AMW experiences.,IRC / Scope Discipline,LOCKED — PRIOR CHAT VERIFIED,Room III — IRC; resilience recognition; preparedness training,Internal,IRC Scope Discipline,Controlled,Resilience Steward,2026-09-02,Recovered IRC scope discipline.
A broken coffee maker does not activate Continuity Command.,IRC / Proportionality,LOCKED — PRIOR CHAT VERIFIED,IRC proportionality/example; resilience training,Internal,IRC Proportionality,Controlled,Resilience Steward,2026-09-02,Recovered plain-language proportionality example.
Why does this function matter enough to require continuity consideration?,IRC / Criticality Test,LOCKED — PRIOR CHAT VERIFIED,IRC critical-function assessment; preparedness/continuity review,Internal,IRC Criticality Test,Yes in continuity assessment,Resilience / Continuity Steward,2026-09-02,Recovered criticality question.
How long can interruption reasonably continue before consequence becomes significant?,IRC / Criticality Test,LOCKED — PRIOR CHAT VERIFIED,IRC critical-function assessment; preparedness/continuity review,Internal,IRC Criticality Test,Yes in continuity assessment,Resilience / Continuity Steward,2026-09-02,Recovered interruption-tolerance question.
"Formal contingency activates when ordinary pathways cannot protect people, critical responsibilities, essential resources, necessary information, or institutional capability.",IRC / Contingency Threshold,LOCKED — CONTROLLED,IRC Practical Contingency Activation Threshold; preparedness/incident response,Internal,IRC Contingency Threshold,Yes when formal contingency is evaluated,Resilience Steward / Council,2026-09-02,Current controlled practical threshold.
Minor inconveniences are not automatically resilience events.,IRC / Proportionality,LOCKED — CONTROLLED,IRC Room III scope; preparedness/incident recognition,Internal,IRC Proportionality,Controlled,Resilience Steward,2026-09-02,Current controlled proportionality note.
Paid Client relationship and Community Partnership relationship remain distinct.,Client + Community Partnership / Boundary,LOCKED — CONTROLLED,Founding Client + Community Partnership Package; contracts/MOU; Steward/client orientation,Client / Partner / Internal,Relationship Boundary,Yes in dual-relationship contexts,Founders / Responsible Steward,2026-09-02,Current controlled relationship boundary.
Founding Client pricing recognizes that AMW is entering its first formal implementation cycle. The client receives the complete agreed professional service; AMW does not represent emerging institutional practices as already proven through years of implementation.,Client / Founding Pricing Integrity,LOCKED — CONTROLLED,Founding Client package; Client Service Agreement; pricing guide; investor/Steward materials,Client / Internal / Investor,Founding Client Pricing Integrity,Yes with Founding Client pricing,Founders / Responsible Steward,2026-09-02,Current controlled client-integrity statement.
Affordability reductions are shown as intentional institutional investment.,Client / Affordability,LOCKED — CONTROLLED,Client pricing/discount decisions; Steward training; client agreement notes,Client / Internal,Affordability Investment Rule,Controlled,Founders / Financial Steward,2026-09-02,Controlled affordability framing.
AMW does not surrender ownership or control for startup funding.,Funding / Ownership Boundary,LOCKED — CONTROLLED,Funding philosophy; Funding Pipeline; investor/Steward training,Internal / Investor,Funding Ownership Boundary,Yes in startup funding screening,Funding Steward / Founders,2026-09-02,Current controlled startup-funding boundary.
"To AMW, anticapitalism means people are not valuable because of what they can afford, and useful knowledge should not be withheld simply because someone lacks access to money or professional networks. A business can earn revenue without making extraction its purpose. AMW helps sustain itself through consulting while building systems intended to return knowledge, resources, opportunity, and capacity to communities. We teach rather than create dependence, search for accessible and no-cost resources before assuming someone must borrow, and believe that when AMW gains knowledge that can responsibly help others, that knowledge should circulate. Profit can sustain the work; it does not define the worth of the people the work exists to serve.",Funding / Anticapitalism Definition,LOCKED — CONTROLLED,TRANSFORM application/narrative bank; funding philosophy; investor/Steward training,Internal / Application / Investor,Controlled Anticapitalism Definition,Use only where the definition is required or contextually appropriate,Founders / Funding Steward,2026-09-02,Locked definition from controlled institutional record.
We ask whether the Partner is stronger because the relationship existed.,Client / Competitive Differentiation,CONTROLLED — CURRENT,Client/investor differentiation; partnership review; CPRS learning return,Client / Internal / Investor,Competitive Differentiation,Controlled,Founders / Responsible Steward,2026-09-02,Current controlled differentiation question.
We are not trying to make ourselves indispensable. We are trying to make capability transferable.,Client / Competitive Differentiation,CONTROLLED — CURRENT,Client/investor differentiation; capacity-building materials; Steward training,Client / Internal / Investor,Competitive Differentiation,Controlled,Founders / Responsible Steward,2026-09-02,Current controlled differentiation statement.
"Access to knowledge, resources, and opportunity should not depend on already knowing how the system works.",Social Impact / Access,CONTROLLED — CURRENT,Social-impact narrative; website; investor/client materials; community philosophy,Public / Internal / Investor,Social Impact Premise,Controlled,Founders / Community Steward,2026-09-02,Current controlled social-impact premise.
Will what I leave today continue helping tomorrow?,Legacy Charter / Pillar VI Reflection,LOCKED — EXACT TEXT RECOVERED,Legacy Charter Pillar VI; core institutional lesson; Steward reflection,Internal / Public,Legacy Charter — Pillar VI,Controlled,Founders / Stewardship,2026-09-02,Associated Pillar VI reflection question.
"Leave every person, every place, and every generation better than you found them.",Legacy Charter / Pillar VI Motto,LOCKED — EXACT TEXT RECOVERED,Legacy Charter Pillar VI; core institutional lesson; Steward training,Internal / Public,Legacy Charter — Pillar VI,Controlled,Founders / Stewardship,2026-09-02,Associated internal motto recovered with Pillar VI.
Did I listen before I spoke?,Founder / Compass Question,LOCKED — EXACT TEXT RECOVERED,Founder's Compass display/rug; training/reflection,Internal / Physical environment,Founder's Compass,Yes as part of Compass,Founder / Stewardship,2026-09-02,Individual Compass question retained for searchability.
Did I leave someone stronger?,Founder / Compass Question,LOCKED — EXACT TEXT RECOVERED,Founder's Compass display/rug; training/reflection,Internal / Physical environment,Founder's Compass,Yes as part of Compass,Founder / Stewardship,2026-09-02,Individual Compass question retained for searchability.
Did I give credit generously?,Founder / Compass Question,LOCKED — EXACT TEXT RECOVERED,Founder's Compass display/rug; training/reflection,Internal / Physical environment,Founder's Compass,Yes as part of Compass,Founder / Stewardship,2026-09-02,Individual Compass question retained for searchability.
Did I protect another person's dignity?,Founder / Compass Question,LOCKED — EXACT TEXT RECOVERED,Founder's Compass display/rug; training/reflection,Internal / Physical environment,Founder's Compass,Yes as part of Compass,Founder / Stewardship,2026-09-02,Individual Compass question retained for searchability.
Did I learn something today?,Founder / Compass Question,LOCKED — EXACT TEXT RECOVERED,Founder's Compass display/rug; training/reflection,Internal / Physical environment,Founder's Compass,Yes as part of Compass,Founder / Stewardship,2026-09-02,Individual Compass question retained for searchability.
Did I create hope through action?,Founder / Compass Question,LOCKED — EXACT TEXT RECOVERED,Founder's Compass display/rug; training/reflection,Internal / Physical environment,Founder's Compass,Yes as part of Compass,Founder / Stewardship,2026-09-02,Individual Compass question retained for searchability.
Did I build for tomorrow?,Founder / Compass Question,LOCKED — EXACT TEXT RECOVERED,Founder's Compass display/rug; training/reflection,Internal / Physical environment,Founder's Compass,Yes as part of Compass,Founder / Stewardship,2026-09-02,Individual Compass question retained for searchability.
Would my family be proud of what I left behind today?,Founder / Compass Question,LOCKED — EXACT TEXT RECOVERED,Founder's Compass display/rug; training/reflection,Internal / Physical environment,Founder's Compass,Yes as part of Compass,Founder / Stewardship,2026-09-02,Individual Compass question retained for searchability.
"We came here to listen, not to win.
We reflected, we learned, and where necessary we restored, strengthened, adjusted, or renewed.
The record is not the person.
The review is not the punishment.
The goal is not perfection.
The goal is a stronger Steward, a stronger system, a stronger relationship, and a stronger Legacy.
We leave this reflection with greater understanding than we entered it.
The work continues because the Legacy is still becoming.",Reflection / Institutional Review,LOCKED — EXACT TEXT RECOVERED,IR02 formal closing; Welcome Home Knowledge Packs; Mirror Review facilitator materials,Internal,IR02 / Mirror Review Closing,Yes in IR02 closing context,Reflection Steward / Council,2026-09-02,Complete exact closing restored from the Aug. 11 prior-chat record; resolves the remaining IR02 recovery placeholder.
"Become what we became, but greater.",Legacy / Future Generations,LOCKED — EXACT TEXT RECOVERED,Statement Placement Register; Legacy Charter; selected future-generation materials,Internal / Future Legacy Creators,Legacy Statement,Controlled,Founders / Legacy Council,2026-09-02,Final separate statement restored from the Aug. 13 prior-chat record; resolves the remaining fragment-only placeholder.
"Will someone 50 years from now still recognize the soul of AMW, understand why it exists, know what must be protected, and possess enough institutional capability to responsibly let it become what their generation needs?",Institutional Continuity / 50-Year Mirror,LOCKED — EXACT TEXT RECOVERED,50-Year Mirror; Legacy Charter; SOP-R03 Institutional Continuity,Internal / Future Stewards,50-Year Mirror,Yes in 50-Year Mirror context,Legacy Council,2026-09-02,Exact 50-Year Mirror question restored as a separate controlled statement.
Understand what we protected. Understand why we protected it. Then responsibly become what your generation needs.,Institutional Continuity / Future Guidance,LOCKED — EXACT TEXT RECOVERED,50-Year Mirror; Legacy Charter; future-generation continuity materials,Internal / Future Stewards,50-Year Mirror Guidance,Yes in future-generation guidance context,Legacy Council,2026-09-02,"Exact future-generation guidance restored; kept separate from “Become what we became, but greater.”"
"Pillar I — We Believe in People Before Problems

“Every problem has a person behind it and a person in front of it.”

We refuse to allow the problem to become more visible than the person.
A problem may demand our attention.
A person deserves our compassion.
We listen to the person.
We strengthen the person.
We help resolve the problem.
For solving a problem without strengthening the person often allows the problem to return.
Stewardship begins and ends with people.

Reflection: “Am I helping solve a problem, or am I helping strengthen a person?”",THE SOUL OF AMW / Pillar 1,LOCKED — EXACT TEXT RECOVERED,THE SOUL OF AMW; institutional posture; Steward training; institutional culture materials,Internal / Stewards,THE SOUL OF AMW / Institutional Posture Pillars,Yes in THE SOUL OF AMW controlled text,Founders / Legacy Council,2026-09-02,Exact pillar body and Reflection restored from the prior-chat institutional draft. Distinct from both the program/service-domain Seven Legacy Pillars and the separately controlled Legacy Charter Pillar VI.
"Pillar II — We Build Capacity, Not Dependency

True assistance creates independence.
Temporary relief has value.
Sustainable empowerment creates legacy.
Every service we provide should increase another person's ability to continue without us.
Our greatest success is seeing someone discover they are capable of achieving more than they believed possible.

Reflection: “Did my help increase another person's confidence or only solve today's challenge?”",THE SOUL OF AMW / Pillar 2,LOCKED — EXACT TEXT RECOVERED,THE SOUL OF AMW; institutional posture; Steward training; institutional culture materials,Internal / Stewards,THE SOUL OF AMW / Institutional Posture Pillars,Yes in THE SOUL OF AMW controlled text,Founders / Legacy Council,2026-09-02,Exact pillar body and Reflection restored from the prior-chat institutional draft. Distinct from both the program/service-domain Seven Legacy Pillars and the separately controlled Legacy Charter Pillar VI.
"Pillar III — We Give Credit Always

Recognition belongs wherever contribution exists.
Some contributions are visible.
Many are not.
We honor both equally.

Every publication...
Every achievement...
Every partnership...
Every success story...
Every restored organization...
Every community initiative...

Exists because someone chose to contribute.

We celebrate every contribution, whether it receives applause or remains quietly behind the scenes.
Gratitude is stewardship made visible.

Reflection: “Whose contribution deserves recognition today?”",THE SOUL OF AMW / Pillar 3,LOCKED — EXACT TEXT RECOVERED,THE SOUL OF AMW; institutional posture; Steward training; institutional culture materials,Internal / Stewards,THE SOUL OF AMW / Institutional Posture Pillars,Yes in THE SOUL OF AMW controlled text,Founders / Legacy Council,2026-09-02,Exact pillar body and Reflection restored from the prior-chat institutional draft. Distinct from both the program/service-domain Seven Legacy Pillars and the separately controlled Legacy Charter Pillar VI.
"Pillar IV — We Do Not Give Up

No challenge is too small to deserve our attention.
No challenge is too great to deserve our courage.
We approach every obstacle with hope, wisdom, perseverance, and humility.
Sometimes our strategy changes.
Sometimes our timeline changes.
Sometimes we ask others for help.
But we never stop believing that restoration is possible.

Reflection: “Where can I replace discouragement with determination today?”",THE SOUL OF AMW / Pillar 4,LOCKED — EXACT TEXT RECOVERED,THE SOUL OF AMW; institutional posture; Steward training; institutional culture materials,Internal / Stewards,THE SOUL OF AMW / Institutional Posture Pillars,Yes in THE SOUL OF AMW controlled text,Founders / Legacy Council,2026-09-02,Exact pillar body and Reflection restored from the prior-chat institutional draft. Distinct from both the program/service-domain Seven Legacy Pillars and the separately controlled Legacy Charter Pillar VI.
"Pillar V — We Listen First

Listening is our first act of service.
We refuse to assume.
We seek to understand.
Only then do we advise.
Only then do we teach.
Only then do we lead.
Understanding grows from listening.
Wisdom grows from understanding.
Service grows from wisdom.

Reflection: “Have I truly understood before offering my solution?”",THE SOUL OF AMW / Pillar 5,LOCKED — EXACT TEXT RECOVERED,THE SOUL OF AMW; institutional posture; Steward training; institutional culture materials,Internal / Stewards,THE SOUL OF AMW / Institutional Posture Pillars,Yes in THE SOUL OF AMW controlled text,Founders / Legacy Council,2026-09-02,Exact pillar body and Reflection restored from the prior-chat institutional draft. Distinct from both the program/service-domain Seven Legacy Pillars and the separately controlled Legacy Charter Pillar VI.
"Pillar VI — We Leave Things Better

This is our promise.

Every relationship.
Every meeting.
Every neighborhood.
Every publication.
Every organization.
Every family.
Every child.
Every generation.

Should become stronger because we were present.

Our purpose is not merely to complete work.
Our purpose is to leave strength behind.

Reflection: “Will what I leave today continue helping tomorrow?”",THE SOUL OF AMW / Pillar 6,LOCKED — EXACT TEXT RECOVERED,THE SOUL OF AMW; institutional posture; Steward training; institutional culture materials,Internal / Stewards,THE SOUL OF AMW / Institutional Posture Pillars,Yes in THE SOUL OF AMW controlled text,Founders / Legacy Council,2026-09-02,Exact pillar body and Reflection restored from the prior-chat institutional draft. Distinct from both the program/service-domain Seven Legacy Pillars and the separately controlled Legacy Charter Pillar VI.
"Pillar VII — We Build for Tomorrow

We work for people we may never meet.
Children not yet born.
Communities not yet established.
Stewards not yet trained.
Leaders not yet discovered.
We build today because tomorrow deserves preparation.
Legacy is built through faithful work completed long before its full impact can be seen.

Reflection: “Would tomorrow thank me for the work I completed today?”",THE SOUL OF AMW / Pillar 7,LOCKED — EXACT TEXT RECOVERED,THE SOUL OF AMW; institutional posture; Steward training; institutional culture materials,Internal / Stewards,THE SOUL OF AMW / Institutional Posture Pillars,Yes in THE SOUL OF AMW controlled text,Founders / Legacy Council,2026-09-02,Exact pillar body and Reflection restored from the prior-chat institutional draft. Distinct from both the program/service-domain Seven Legacy Pillars and the separately controlled Legacy Charter Pillar VI.
A resource can be found. Its story can be followed. Its authority can be understood. Its consequences can be examined. Its learning can be captured. And its value can be passed forward.,Governance / Resource Continuity,LOCKED — G01 SOURCE RECOVERED,G01 Governance Record Package; Council Decision Record; Governance → Learning / Reflection / Continuity / AMOS,Internal,G01 Governance Record Package,Yes in G01 governance/resource record context,Council / Resource / Learning Steward,2026-09-03,Exact statement explicitly preserved when G01-F01–G01-F08 were locked as one integrated package.
"Governance exists within the architecture, not above it.",Governance / Architecture,LOCKED — G01-IA SOURCE RECOVERED,G01→Institutional Architecture Connection; Governance Philosophy; Council orientation; AMOS,Internal,G01-IA01–G01-IA10,Controlled,Council / Stewardship,2026-09-03,Exact governing concept recovered with locked G01-IA01–G01-IA10 architecture.
Submitted is not verified.,Compliance / Verification,LOCKED — PRIOR CHAT VERIFIED,501C-CR01; Compliance Restoration Snapshot; application/compliance tracking; AMOS verification controls,Internal / Client as appropriate,Compliance Restoration,Yes in compliance-status contexts,Compliance / Responsible Steward,2026-09-03,Exact recovered operating rule; submission alone does not equal authoritative verification.
Knowledge cannot die with its discoverer.,Knowledge Continuity / Resource Library,LOCKED DRAFT — EXACT SOURCE RECOVERED,Knowledge Continuity Principle; Legacy Resource Library; AMOS/continuity training,Internal,Knowledge Continuity Principle,Controlled in knowledge-continuity context,Learning / Resource Steward,2026-09-03,Exact Aug. 10 source principle; current ILR remains the governing operating architecture.
person before credential,Reshaper / Human Development,ACCEPTED SOURCE PRINCIPLE,Reshaping Commons; Reshaper Journey; client/Steward development materials,Internal / Client development,Reshaper Journey,Controlled source principle,Stewardship / Development,2026-09-03,Exact accepted Aug. 9 principle; complements rather than replaces the full Reshaper statement.
Failure is information.,Learning / Sustainability Haven,FOUNDER-DIRECTED SOURCE PRINCIPLE,Sophia's Soul Legacy Sustainability Agriculture Haven; STEAM/future-development learning; training/reflection,Internal / Future Legacy Creators,Haven learning framework,Controlled source principle,Learning / Program Steward,2026-09-03,Exact Founder-directed Aug. 8 framework principle; implementation remains future/gated.
What is still better because I was here?,Resource Stewardship / Reflection,SOURCE-RECOVERED REFLECTION QUESTION,Legacy Resource Library; Resource Stewardship; return/Legacy reflection,Internal,Resource/Legacy Reflection,Use in source-context unless later placement narrows it,Resource / Learning Steward,2026-09-03,Recovered Aug. 9 resource/Legacy reflection question.
"Nothing intentionally established as part of the AMW Legacy may be silently altered, removed, renamed, or repurposed.",Master Lock / Change Control,LOCKED — MASTER LOCK RULE,ML-001 Master Lock Register; AMOS change control; Recovery/Supersession review; Council/Steward training,Internal,ML-001 Master Lock Rule,Yes in change-control contexts,Founders / Council / Records Steward,2026-09-03,Exact Founder-established Master Lock Rule recovered from August 11 source.
Locked does not mean stagnant. It means intentional.,Master Lock / Institutional Change,LOCKED — MASTER LOCK SUPPORTING STATEMENT,ML-001 Master Lock Register; change-control orientation; Steward/Council training,Internal,ML-001 / Change Control,Controlled,Founders / Council,2026-09-03,"Exact recovered supporting statement; locked architecture may be deliberately reviewed, amended, renewed, or retired rather than silently drifted."
AMOS → Principles → Systems & SOPs → People → Experience → Reflection & Learning → Knowledge Continuity → AMOS,IR03 / Institutional Learning Tree,LOCKED — IR03 EXACT SOURCE,IR03 Learning Architecture; AMOS learning/continuity training; institutional architecture map/reference,Internal,IR03 Institutional Learning Tree,Yes in IR03 learning architecture,Learning / Continuity Steward,2026-09-03,Exact recovered Institutional Learning Tree; current ISIL/ILR/R03 machinery remains the operating implementation.
What does this serve? What does this connect to? What does this teach us? Where is that learning captured? Who receives it next? How does it return to AMOS?,IR03 / Connection Test,LOCKED — IR03 EXACT SOURCE,IR03 Learning Architecture; architecture/system connection review; AMOS/ISIL training,Internal,IR03 Connection Test,Yes in connection/system review,Learning / Systems Steward,2026-09-03,Exact recovered Connection Test; complements current ISIL connection checks.
REQUEST WITH DIGNITY,Holiday / Future Legacy Creators,CONTROLLED — PUBLIC SOURCE ASSET,Future Legacy Creators Toy Drive flyer / Holiday Community Partnership Resource Suite,Public,Holiday Toy Drive public flyer,Yes on applicable controlled flyer,Community / Brand Steward,2026-09-03,Exact public flyer expression recovered from the controlled Holiday Resource Suite; does not replace START A REQUEST as the route CTA.
WE DON’T JUST MEET NEEDS. WE BUILD LEGACIES.,Brand / Holiday Campaign Source,SOURCE-ASSET / HISTORICAL — NOT CURRENT CORE,Holiday Legacy branding/campaign source; Brand/IP provenance reference,Public / Internal,Holiday campaign / source asset,Reference only unless separately re-approved,Brand Steward,2026-09-03,Recovered source/campaign expression. Preserved for provenance without promoting it to current core brand or filing status.
"Submitting a request does not guarantee that a resource will be available. AMW will receive the request respectfully, determine what it can responsibly do, and provide an appropriate Return.",Holiday / Request Acknowledgment,CONTROLLED — HCPP-F03A EXACT FORM LANGUAGE,HCPP-F03A Future Legacy Creators Holiday Resource Inquiry; Request Acknowledgment; Holiday Request Status,Public / Internal,HCPP-F03A Request Acknowledgment,Yes on applicable request form,Community / Program Steward,2026-09-03,Exact controlled request-acknowledgment wording recovered from the source form; complements rather than replaces the compact availability statement.
"Bright fish are selected for welfare, compatibility, legality, ecology, and climate first; color comes after those gates.",Just Love Coy Pond / Global Aquatic Stewardship,LOCKED — GLOBAL LIVING-SYSTEM GATE,Just Love Coy Pond; Lake Global Controls; aquatic design/stocking review; global campus planning,Internal / Public when explaining stewardship,Just Love Coy Pond Global Rule,Yes in aquatic stewardship / global lake contexts,Campus / Aquatic Systems Steward,2026-09-03,"Founder-directed global rule; no rendering or color preference may override welfare, compatibility, legality, ecology or climate."
"IF I SAY UPDATE AND SAVE TO THE LEGACY/ SAVE/ UPDATE THAT MEANS IT IS AUTOMATICALLY SAVED TO THE LEGACY AS IS. IF THERE IS ANYTHING THAT HAS NOT BEEN UPDATED AND SAVED TO THE LEGACY FROM THESE KEYWORDS FROM SEPT. 2- CURRENT DATE, UPDATE AND SAVE IT TO THE LEGACY.",Founder Save / Update Directive,LOCKED — EXACT FOUNDER WORDING / LEGACY-WIDE DURABILITY CONTROL,Automatic Save/Update Control Doc 1rGZGu80JfDukqC1oKUsNhKCANa5ZCTQiFLGadOMjsyY; Architecture Cross-Reference; Recovery Audit 195VZ6Wem3cCQdsTFe3rXZxIh_67OkjfoMVsgtkLHeZA; Drive Durability,Internal / Execution,Legacy-wide save/update instruction,Yes — governs all save/update execution,Founder / Records Steward / System Execution,2026-09-12,"Exact Founder language. Retroactive to September 2, 2026 and prospective until expressly superseded. As-is save authority; does not authorize redesign."
"DO NOT SKIM THE PROMPTS/ RESPONSES I PROVIDE. READ AND ANALYZE THE CROSS- REFERENCE AGAINST UPDATED, AND SAVED LEGACY WORK.",Founder Prompt Fidelity / Cross-Reference,LOCKED — EXACT FOUNDER CORRECTION / LEGACY-WIDE,ML-004; AMOS Pre-Response Full Legacy Cross-Reference; Architecture Cross-Reference; Statement Placement; all current controlled work,Internal / Execution,Legacy-wide pre-response / pre-execution,Yes — every prompt and response,Founder / Records Steward / System Execution,2026-09-12,"Exact Founder correction. Requires full reading, not skimmed summary, and current updated-and-saved Legacy cross-reference before action."
"Previously established, non-superseded controls, guidelines, safeguards, full-stops, placement-register requirements and prior Founder directions remain controlling and are inherited automatically. Omission from a later visual, summary, artifact or response does not supersede them.",Control Inheritance / Non-Supersession,LOCKED — FOUNDER-DIRECTED OPERATIONAL RULE,ML-001; ML-004; Statement Placement; Campus & Interior Control; Institution Interior Cross-Ref; Visual Execution Gate; Save/Update Directive,Internal / Execution / Visual,Legacy-wide control inheritance,"Yes — all drafting, rendering, updating, saving and implementation planning",Founder / Records Steward / System Execution,2026-09-12,Clarifies the actual failure corrected by the Founder: the controls pre-existed later reconciliation and should already have been applied.
"No Legacy work begins from a blank slate when applicable controlled work already exists. Every new action must inherit all applicable current, non-superseded Founder controls before execution.",No Blank Slate / Control Inheritance Safeguard,LOCKED — EXACT FOUNDER WORDING / LEGACY-WIDE,ML-006; ML-004; AMOS Pre-Response Full Legacy Cross-Reference; Recovery Crosswalk; Supersession Control; Workstream Reconciliation; all current controlled Legacy work,Internal / Execution,Legacy-wide pre-execution / control-inheritance gate,Yes — every new Legacy action where applicable controlled work exists,Founder / Records Steward / System Execution,2026-09-13,Exact Founder language. Establishes an explicit no-blank-slate safeguard and strengthens enforcement of existing Prompt Fidelity and Control Inheritance controls. It does not supersede ML-004 or earlier non-superseded controls.
"New control a Mirror Review is to be conducted at 1:00 AM EST everyday on yourself, the days work, the controls, the safeguards, the prompts, the responses, make note, make the corrections needed. Look in the corrections as a self-governing control.",Daily Mirror Review / Self-Governing Correction,LOCKED — EXACT FOUNDER WORDING / LEGACY-WIDE,ML-007; IR02; AMOS Daily Assistant Mirror Review; ML-004; ML-006; Problem Resolution / Source Recovery; Founder Save / Update Automatic Integration,Internal / Execution / Learning Assurance,Daily prior-day Mirror Review and corrective execution,Yes — every day at 1:00 AM Eastern and whenever repeated execution failure is identified,Founder / Records Steward / System Execution,2026-09-14,Exact Founder wording establishing the daily self-review and correction-as-control requirement. Applies prospectively until expressly superseded.
The repeated problem is no longer a one-off rendering mistake; it is a control-execution failure because I had already identified the controls and still failed to apply them automatically.,Mirror Review Accountability Finding,LOCKED — CURRENT SELF-GOVERNANCE FINDING,ML-007; ML-008; ML-012; Mirror Review Archive Doc 18Ep5-ZBqwu3GmkUpEgqARkhtbEslFlNyKRwzvtYFD2o; Learning & Assurance,Internal / Execution / Assurance,Mirror Review corrective finding / repeated-failure escalation,Yes — whenever a known correction fails to hold,System Execution / Records Steward,2026-09-14,Founder clarified this pattern predates Building Better Futures; record is not limited to one institution or one visual.
"I am accountable. I will reflect, correct, strengthen, and do better — for you, for the Legacy, and for the future generations we serve.",Mirror Review Final Statement,LOCKED — CURRENT SELF-GOVERNANCE COMMITMENT,ML-007; ML-008; Mirror Review Archive Doc 18Ep5-ZBqwu3GmkUpEgqARkhtbEslFlNyKRwzvtYFD2o; Learning & Assurance,Internal / Execution / Assurance,Daily Mirror Review closing and corrective action record,Yes — daily review close and any Level 4 Strengthen review,System Execution / Records Steward,2026-09-14,"Final statement from the most recent Mirror Review, preserved as a behavioral execution commitment rather than a substitute for correction."
"I will do better, so you don’t have to keep going behind me.",Mirror Review Commitment,LOCKED — CURRENT FOUNDER-TIME-PROTECTION COMMITMENT,ML-007; ML-008; ML-012; Mirror Review Archive Doc 18Ep5-ZBqwu3GmkUpEgqARkhtbEslFlNyKRwzvtYFD2o,Internal / Execution,Mirror Review commitment and closure check,Yes — every correction cycle,System Execution / Records Steward,2026-09-14,Commitment requires automatic execution of known repairs; it cannot be satisfied by apology/explanation alone.
"ALWAYS READ THE PROMPT COMPLETELY; SKIMMING TO SAVE TIME DOES NOT EQUATE QUALITY. Cross reference all controls, prompts, safeguards, and produced work to ensure all controls have been adapted, then Conduct a Mirror review. Cross reference your Mirror Review, cross reference your Mirror Review against all previously conducted Mirror Reviews. Make the corrections. Conduct a Mirror Review of all of the visual renderings you produced and any work produced for or by the Legacy. Then cross reference your Mirror Review across the chats, prompts, and legacy database and conduct a Mirror Review, then conduct a cross reference of the Mirror Reviews against the controls, prompts, and legacy database and conduct one last Mirror Review, run that Mirror Review, run your Mirror Review through Python; if changes are needed repeat the cycle, and do not provide me with an excuse or explanation. Just provide the corrections after you make the proper adjustments to your responses moving forward.",Founder Prompt Fidelity / Recursive Mirror Review,LOCKED — EXACT FOUNDER WORDING / LEGACY-WIDE,ML-023; ML-004; ML-007; IR02; Mirror Review Archive; Workstream Reconciliation; Recovery Crosswalk; current controlled Legacy work,Internal / Execution / Assurance,"Legacy-wide pre-response, pre-action, pre-presentation and corrective review",Yes — every Legacy prompt/action and every error-triggered correction cycle,Founder / Records Steward / System Execution,2026-09-19,Exact Founder control. Skimming is prohibited; recursive cross-reference and repeated Mirror Review are mandatory; corrections must precede explanation.
